{"stats":{"minecraft:dropped":{"minecraft:birch_planks":2,"minecraft:oak_log":31,"minecraft:crossbow":1,"minecraft:apple":1,"minecraft:granite":16,"minecraft:cooked_salmon":7,"minecraft:stone_axe":1,"minecraft:oak_planks":4,"minecraft:light_gray_dye":1,"minecraft:wooden_pickaxe":2},"minecraft:broken":{"minecraft:stone_pickaxe":1,"minecraft:stone_axe":2},"minecraft:killed":{"minecraft:skeleton":2,"minecraft:salmon":17,"minecraft:sheep":8,"minecraft:pillager":42,"minecraft:zombie":6,"minecraft:cow":9},"minecraft:used":{"minecraft:stone_shovel":10,"minecraft:chest":2,"minecraft:cooked_salmon":9,"minecraft:oak_door":1,"minecraft:torch":23,"minecraft:dirt":25,"minecraft:yellow_carpet":12,"minecraft:granite":14,"minecraft:bow":2,"minecraft:oak_sapling":4,"minecraft:furnace":8,"minecraft:goat_horn":1,"minecraft:cooked_beef":12,"minecraft:potato":1,"minecraft:stone_pickaxe":268,"minecraft:oak_planks":334,"minecraft:wooden_pickaxe":14,"minecraft:blue_bed":1,"minecraft:crafting_table":4,"minecraft:red_bed":1,"minecraft:crossbow":3,"minecraft:bread":18,"minecraft:stone_axe":406,"minecraft:pink_bed":1,"minecraft:cobblestone":158,"minecraft:bone_meal":7,"minecraft:experience_bottle":1},"minecraft:picked_up":{"minecraft:charcoal":9,"minecraft:crafting_table":3,"minecraft:wheat":6,"minecraft:azure_bluet":1,"minecraft:wooden_pickaxe":8,"minecraft:cornflower":3,"minecraft:red_bed":1,"minecraft:cooked_salmon":16,"minecraft:experience_bottle":3,"minecraft:beef":30,"minecraft:red_dye":5,"minecraft:poppy":1,"minecraft:sugar_cane":332,"minecraft:chest":8,"minecraft:furnace":4,"minecraft:egg":2,"minecraft:stick":4,"minecraft:orange_dye":5,"minecraft:oak_door":4,"minecraft:oak_fence":15,"minecraft:torch":77,"minecraft:goat_horn":6,"minecraft:arrow":6,"minecraft:rotten_flesh":19,"minecraft:hay_block":9,"minecraft:blue_dye":10,"minecraft:red_tulip":1,"minecraft:pink_tulip":1,"minecraft:mutton":60,"minecraft:cobblestone":680,"minecraft:white_wool":14,"minecraft:birch_log":2,"minecraft:leather_chestplate":1,"minecraft:cooked_beef":13,"minecraft:lilac":1,"minecraft:tripwire_hook":6,"minecraft:salmon":22,"minecraft:leather":70,"minecraft:yellow_dye":11,"minecraft:potato":30,"minecraft:birch_planks":12,"minecraft:magenta_dye":4,"minecraft:light_gray_dye":6,"minecraft:oak_log":147,"minecraft:dirt":206,"minecraft:white_banner":11,"minecraft:bone":2,"minecraft:apple":1,"minecraft:bow":8,"minecraft:wheat_seeds":3,"minecraft:orange_tulip":1,"minecraft:stone_pickaxe":10,"minecraft:oak_planks":198,"minecraft:dark_oak_stairs":6,"minecraft:dandelion":14,"minecraft:dark_oak_log":12,"minecraft:stone_axe":12,"minecraft:crossbow":5,"minecraft:granite":43,"minecraft:bone_meal":5,"minecraft:bread":114,"minecraft:oak_sapling":21,"minecraft:coal":6,"minecraft:pink_dye":5},"minecraft:mined":{"minecraft:granite":27,"minecraft:grass_block":44,"minecraft:hay_block":9,"minecraft:furnace":4,"minecraft:azure_bluet":1,"minecraft:dark_oak_stairs":1,"minecraft:red_tulip":1,"minecraft:pink_tulip":1,"minecraft:stone":240,"minecraft:white_wool":6,"minecraft:red_bed":1,"minecraft:dandelion":14,"minecraft:crafting_table":3,"minecraft:cornflower":3,"minecraft:poppy":1,"minecraft:chest":2,"minecraft:cobblestone":3,"minecraft:tall_grass":5,"minecraft:sugar_cane":20,"minecraft:oak_planks":10,"minecraft:birch_planks":2,"minecraft:birch_log":2,"minecraft:lilac":1,"minecraft:orange_tulip":1,"minecraft:grass":15,"minecraft:coal_ore":4,"minecraft:oak_log":117,"minecraft:dirt":75,"minecraft:oak_leaves":31},"minecraft:crafted":{"minecraft:oak_door":3,"minecraft:oak_planks":404,"minecraft:stone_shovel":1,"minecraft:pink_bed":1,"minecraft:furnace":4,"minecraft:bone_meal":6,"minecraft:pink_dye":1,"minecraft:white_carpet":12,"minecraft:bow":1,"minecraft:stone_pickaxe":4,"minecraft:chest":1,"minecraft:magenta_dye":2,"minecraft:oak_fence":3,"minecraft:wheat":81,"minecraft:cooked_beef":17,"minecraft:red_dye":2,"minecraft:crossbow":1,"minecraft:crafting_table":1,"minecraft:wooden_pickaxe":1,"minecraft:yellow_carpet":12,"minecraft:red_bed":1,"minecraft:blue_bed":1,"minecraft:cooked_salmon":16,"minecraft:birch_planks":8,"minecraft:stone_axe":8,"minecraft:orange_dye":1,"minecraft:bread":29,"minecraft:air":0,"minecraft:blue_dye":3,"minecraft:charcoal":15,"minecraft:yellow_dye":14,"minecraft:stick":32,"minecraft:leather_chestplate":2,"minecraft:light_gray_dye":1,"minecraft:white_bed":2,"minecraft:torch":24},"minecraft:killed_by":{"minecraft:pillager":5,"minecraft:skeleton":1},"minecraft:custom":{"minecraft:mob_kills":86,"minecraft:interact_with_crafting_table":29,"minecraft:leave_game":6,"minecraft:time_since_death":16033,"minecraft:climb_one_cm":28,"minecraft:sprint_one_cm":385793,"minecraft:walk_one_cm":170361,"minecraft:drop":15,"minecraft:play_time":135007,"minecraft:deaths":7,"minecraft:sneak_time":10133,"minecraft:walk_under_water_one_cm":14340,"minecraft:jump":1749,"minecraft:walk_on_water_one_cm":9444,"minecraft:total_world_time":135007,"minecraft:interact_with_furnace":31,"minecraft:sleep_in_bed":6,"minecraft:time_since_rest":14894,"minecraft:damage_taken":4083,"minecraft:damage_dealt":14062,"minecraft:swim_one_cm":47985,"minecraft:fly_one_cm":300941,"minecraft:open_chest":17,"minecraft:crouch_one_cm":23482,"minecraft:fall_one_cm":57850}},"DataVersion":3465}