{"stats":{"minecraft:used":{"minecraft:dirt":1},"minecraft:picked_up":{"minecraft:stick":1,"minecraft:acacia_sapling":1,"minecraft:acacia_log":5,"minecraft:dirt":4},"minecraft:mined":{"minecraft:acacia_log":6,"minecraft:grass_block":3,"minecraft:acacia_leaves":11,"minecraft:dirt":1},"minecraft:crafted":{"minecraft:crafting_table":1,"minecraft:stick":8,"minecraft:acacia_planks":12},"minecraft:custom":{"minecraft:jump":30,"minecraft:time_since_rest":5660,"minecraft:crouch_one_cm":1186,"minecraft:sprint_one_cm":2219,"minecraft:play_time":5660,"minecraft:damage_taken":50,"minecraft:time_since_death":5660,"minecraft:walk_one_cm":1598,"minecraft:sneak_time":565,"minecraft:total_world_time":5660,"minecraft:fall_one_cm":1391,"minecraft:fly_one_cm":1791}},"DataVersion":3465}