{"stats":{"minecraft:dropped":{"minecraft:birch_planks":2,"minecraft:oak_log":31,"minecraft:apple":1},"minecraft:broken":{"minecraft:stone_axe":2},"minecraft:killed":{"minecraft:salmon":17,"minecraft:sheep":8,"minecraft:skeleton":2,"minecraft:pillager":12,"minecraft:zombie":3,"minecraft:cow":9},"minecraft:used":{"minecraft:stone_pickaxe":122,"minecraft:oak_planks":326,"minecraft:chest":2,"minecraft:wooden_pickaxe":14,"minecraft:blue_bed":1,"minecraft:oak_door":1,"minecraft:torch":5,"minecraft:dirt":25,"minecraft:crafting_table":4,"minecraft:red_bed":1,"minecraft:yellow_carpet":12,"minecraft:stone_axe":258,"minecraft:cobblestone":6,"minecraft:furnace":8,"minecraft:oak_sapling":4,"minecraft:cooked_beef":12,"minecraft:bone_meal":6},"minecraft:picked_up":{"minecraft:birch_log":2,"minecraft:wheat":6,"minecraft:charcoal":9,"minecraft:crafting_table":3,"minecraft:lilac":1,"minecraft:azure_bluet":1,"minecraft:cooked_beef":13,"minecraft:tripwire_hook":1,"minecraft:salmon":22,"minecraft:leather":28,"minecraft:yellow_dye":1,"minecraft:wooden_pickaxe":2,"minecraft:potato":5,"minecraft:birch_planks":2,"minecraft:oak_log":146,"minecraft:cornflower":3,"minecraft:dirt":196,"minecraft:experience_bottle":1,"minecraft:bone":2,"minecraft:apple":1,"minecraft:bow":2,"minecraft:orange_tulip":1,"minecraft:wheat_seeds":2,"minecraft:stone_pickaxe":2,"minecraft:beef":20,"minecraft:poppy":1,"minecraft:sugar_cane":77,"minecraft:chest":3,"minecraft:oak_planks":10,"minecraft:dark_oak_stairs":1,"minecraft:egg":2,"minecraft:furnace":4,"minecraft:stick":2,"minecraft:oak_door":4,"minecraft:torch":22,"minecraft:dandelion":14,"minecraft:dark_oak_log":2,"minecraft:goat_horn":1,"minecraft:arrow":2,"minecraft:rotten_flesh":8,"minecraft:stone_axe":2,"minecraft:hay_block":9,"minecraft:crossbow":1,"minecraft:red_tulip":1,"minecraft:blue_dye":1,"minecraft:bone_meal":1,"minecraft:pink_tulip":1,"minecraft:oak_sapling":21,"minecraft:mutton":10,"minecraft:coal":4,"minecraft:white_wool":14,"minecraft:cobblestone":322},"minecraft:mined":{"minecraft:dandelion":14,"minecraft:crafting_table":3,"minecraft:cornflower":3,"minecraft:grass_block":42,"minecraft:poppy":1,"minecraft:chest":2,"minecraft:tall_grass":1,"minecraft:cobblestone":3,"minecraft:oak_planks":10,"minecraft:sugar_cane":20,"minecraft:hay_block":9,"minecraft:birch_planks":2,"minecraft:furnace":4,"minecraft:birch_log":2,"minecraft:lilac":1,"minecraft:orange_tulip":1,"minecraft:dark_oak_stairs":1,"minecraft:azure_bluet":1,"minecraft:grass":7,"minecraft:red_tulip":1,"minecraft:oak_log":116,"minecraft:coal_ore":2,"minecraft:dirt":67,"minecraft:pink_tulip":1,"minecraft:stone":123,"minecraft:white_wool":6,"minecraft:oak_leaves":31},"minecraft:crafted":{"minecraft:cooked_beef":17,"minecraft:red_dye":2,"minecraft:oak_door":3,"minecraft:oak_planks":400,"minecraft:crafting_table":1,"minecraft:wooden_pickaxe":1,"minecraft:yellow_carpet":12,"minecraft:red_bed":1,"minecraft:furnace":4,"minecraft:blue_bed":1,"minecraft:bone_meal":6,"minecraft:birch_planks":8,"minecraft:stone_axe":3,"minecraft:pink_dye":1,"minecraft:orange_dye":1,"minecraft:white_carpet":12,"minecraft:air":0,"minecraft:blue_dye":3,"minecraft:charcoal":15,"minecraft:yellow_dye":14,"minecraft:stick":20,"minecraft:stone_pickaxe":2,"minecraft:chest":1,"minecraft:light_gray_dye":1,"minecraft:white_bed":2,"minecraft:torch":16,"minecraft:magenta_dye":2,"minecraft:oak_fence":3,"minecraft:wheat":81},"minecraft:killed_by":{"minecraft:skeleton":1},"minecraft:custom":{"minecraft:interact_with_furnace":27,"minecraft:mob_kills":52,"minecraft:interact_with_crafting_table":22,"minecraft:climb_one_cm":28,"minecraft:leave_game":6,"minecraft:time_since_death":48123,"minecraft:sleep_in_bed":2,"minecraft:time_since_rest":41860,"minecraft:sprint_one_cm":247640,"minecraft:damage_taken":1420,"minecraft:walk_one_cm":115662,"minecraft:drop":4,"minecraft:damage_dealt":6094,"minecraft:swim_one_cm":46616,"minecraft:fly_one_cm":155392,"minecraft:open_chest":13,"minecraft:crouch_one_cm":21189,"minecraft:play_time":99007,"minecraft:deaths":2,"minecraft:sneak_time":8952,"minecraft:walk_under_water_one_cm":12908,"minecraft:jump":999,"minecraft:walk_on_water_one_cm":7834,"minecraft:total_world_time":99007,"minecraft:fall_one_cm":30414}},"DataVersion":3465}