{"stats":{"minecraft:dropped":{"minecraft:birch_planks":2,"minecraft:wheat_seeds":1,"minecraft:oak_log":31,"minecraft:crossbow":1,"minecraft:cobblestone":1,"minecraft:apple":1,"minecraft:granite":16,"minecraft:grass_block":3,"minecraft:cooked_salmon":7,"minecraft:string":2,"minecraft:bone":1,"minecraft:stone_axe":1,"minecraft:oak_planks":4,"minecraft:peony":4,"minecraft:oak_sapling":1,"minecraft:light_gray_dye":1,"minecraft:wooden_pickaxe":2,"minecraft:egg":1},"minecraft:broken":{"minecraft:stone_pickaxe":3,"minecraft:stone_axe":2},"minecraft:killed":{"minecraft:spider":4,"minecraft:skeleton":5,"minecraft:chicken":2,"minecraft:salmon":24,"minecraft:sheep":8,"minecraft:pillager":48,"minecraft:zombie":17,"minecraft:cow":9,"minecraft:enderman":3},"minecraft:used":{"mcwfurnitures:oak_chair":2,"minecraft:stone_shovel":38,"minecraft:chest":2,"minecraft:shield":22,"minecraft:cooked_salmon":9,"minecraft:rotten_flesh":5,"minecraft:oak_door":1,"minecraft:torch":93,"minecraft:dirt":157,"minecraft:yellow_carpet":12,"minecraft:tuff":7,"minecraft:granite":25,"minecraft:iron_axe":91,"minecraft:bow":2,"minecraft:beef":2,"minecraft:oak_sapling":4,"minecraft:goat_horn":4,"minecraft:furnace":10,"minecraft:cooked_beef":12,"minecraft:potato":1,"minecraft:cobbled_deepslate":3,"minecraft:cooked_mutton":10,"minecraft:water_bucket":2,"minecraft:cobblestone_stairs":51,"minecraft:stone_pickaxe":620,"minecraft:oak_planks":336,"mcwpaths:oak_planks_path":55,"minecraft:wooden_pickaxe":14,"minecraft:blue_bed":1,"minecraft:crafting_table":5,"minecraft:red_bed":1,"minecraft:crossbow":3,"minecraft:bread":29,"minecraft:stone_axe":435,"minecraft:pink_bed":1,"minecraft:cobblestone":223,"minecraft:andesite":1,"minecraft:bucket":4,"minecraft:bone_meal":19,"minecraft:experience_bottle":1},"minecraft:killed_by":{"minecraft:creeper":1,"minecraft:pillager":7,"minecraft:skeleton":2},"minecraft:custom":{"minecraft:mob_kills":125,"minecraft:interact_with_crafting_table":46,"minecraft:leave_game":23,"minecraft:time_since_death":11709,"minecraft:climb_one_cm":1345,"minecraft:sprint_one_cm":630364,"minecraft:walk_one_cm":297638,"minecraft:damage_blocked_by_shield":720,"minecraft:drop":26,"minecraft:play_time":271657,"minecraft:sneak_time":29622,"minecraft:deaths":12,"minecraft:walk_under_water_one_cm":34242,"minecraft:jump":3349,"minecraft:walk_on_water_one_cm":46218,"minecraft:total_world_time":271657,"minecraft:interact_with_furnace":61,"minecraft:sleep_in_bed":12,"minecraft:time_since_rest":1740,"minecraft:damage_taken":6436,"minecraft:damage_dealt":20569,"minecraft:swim_one_cm":95364,"minecraft:fly_one_cm":450674,"minecraft:open_chest":34,"minecraft:crouch_one_cm":65981,"minecraft:fall_one_cm":102244},"minecraft:mined":{"minecraft:tuff":12,"minecraft:cobblestone_stairs":3,"minecraft:granite":27,"minecraft:grass_block":61,"minecraft:hay_block":9,"minecraft:furnace":5,"minecraft:iron_ore":53,"minecraft:andesite":4,"minecraft:peony":4,"minecraft:azure_bluet":1,"minecraft:dark_oak_stairs":1,"minecraft:red_tulip":1,"minecraft:deepslate_iron_ore":7,"minecraft:pink_tulip":1,"minecraft:stone":466,"minecraft:white_wool":6,"mcwpaths:oak_planks_path":4,"minecraft:red_bed":1,"minecraft:dandelion":14,"minecraft:crafting_table":3,"minecraft:cornflower":3,"minecraft:torch":1,"minecraft:poppy":1,"minecraft:chest":2,"minecraft:tall_grass":5,"minecraft:copper_ore":8,"minecraft:cobblestone":8,"minecraft:sugar_cane":20,"minecraft:oak_planks":10,"minecraft:wall_torch":3,"minecraft:birch_planks":2,"minecraft:birch_log":2,"minecraft:lilac":1,"minecraft:orange_tulip":1,"minecraft:grass":20,"minecraft:oak_log":136,"minecraft:coal_ore":23,"minecraft:gravel":27,"minecraft:dirt":101,"minecraft:oak_leaves":45,"minecraft:deepslate":8},"minecraft:picked_up":{"minecraft:charcoal":9,"minecraft:crafting_table":3,"minecraft:wheat":6,"minecraft:azure_bluet":1,"minecraft:chicken":2,"minecraft:wooden_pickaxe":8,"minecraft:shield":3,"minecraft:cornflower":3,"mcwpaths:oak_planks_path":7,"minecraft:string":10,"minecraft:red_bed":1,"minecraft:raw_copper":84,"minecraft:iron_axe":3,"minecraft:cooked_salmon":16,"minecraft:experience_bottle":3,"minecraft:cobbled_deepslate":15,"minecraft:beef":32,"minecraft:red_dye":9,"minecraft:poppy":1,"minecraft:sugar_cane":332,"minecraft:chest":8,"minecraft:furnace":5,"minecraft:egg":3,"minecraft:stick":22,"minecraft:raw_iron":168,"minecraft:orange_dye":9,"minecraft:oak_door":4,"minecraft:oak_fence":24,"minecraft:torch":181,"minecraft:goat_horn":10,"minecraft:dark_oak_planks":2,"minecraft:arrow":29,"minecraft:rotten_flesh":42,"minecraft:stone_shovel":4,"minecraft:peony":4,"minecraft:red_tulip":1,"minecraft:hay_block":9,"minecraft:blue_dye":14,"minecraft:pink_tulip":1,"minecraft:mutton":70,"minecraft:white_wool":14,"minecraft:cobblestone":998,"minecraft:birch_log":2,"minecraft:leather_chestplate":5,"minecraft:cooked_beef":13,"minecraft:feather":9,"minecraft:lilac":1,"minecraft:water_bucket":1,"minecraft:andesite":7,"minecraft:tripwire_hook":6,"minecraft:salmon":40,"minecraft:leather":70,"minecraft:yellow_dye":15,"minecraft:potato":30,"minecraft:birch_planks":12,"minecraft:magenta_dye":4,"minecraft:flint":15,"minecraft:tuff":19,"minecraft:light_gray_dye":10,"minecraft:oak_log":166,"minecraft:cobblestone_stairs":195,"minecraft:dirt":294,"minecraft:white_banner":23,"minecraft:bone":11,"minecraft:apple":1,"minecraft:bow":8,"minecraft:wheat_seeds":6,"minecraft:orange_tulip":1,"minecraft:iron_ingot":2,"minecraft:stone_pickaxe":17,"minecraft:oak_planks":198,"minecraft:dark_oak_stairs":10,"minecraft:dandelion":14,"minecraft:gravel":24,"minecraft:grass_block":6,"minecraft:dark_oak_log":12,"minecraft:spider_eye":2,"minecraft:stone_axe":19,"minecraft:crossbow":9,"minecraft:granite":63,"minecraft:bone_meal":5,"minecraft:bread":114,"minecraft:oak_sapling":23,"minecraft:coal":33,"minecraft:pink_dye":5,"minecraft:ender_pearl":3},"minecraft:crafted":{"minecraft:oak_door":3,"minecraft:oak_planks":428,"minecraft:stone_shovel":1,"minecraft:pink_bed":1,"minecraft:furnace":5,"minecraft:cobblestone_stairs":96,"minecraft:bone_meal":18,"minecraft:pink_dye":1,"minecraft:white_carpet":12,"minecraft:cooked_mutton":10,"minecraft:bow":1,"minecraft:iron_axe":1,"minecraft:stone_pickaxe":7,"minecraft:chest":1,"mcwpaths:oak_planks_path":48,"minecraft:dark_oak_planks":8,"minecraft:magenta_dye":2,"minecraft:oak_fence":6,"minecraft:wheat":81,"minecraft:cooked_beef":17,"minecraft:red_dye":2,"minecraft:oak_slab":18,"minecraft:crossbow":1,"minecraft:crafting_table":2,"minecraft:yellow_carpet":12,"minecraft:wooden_pickaxe":1,"minecraft:red_bed":1,"minecraft:blue_bed":1,"minecraft:cooked_salmon":16,"minecraft:birch_planks":8,"minecraft:bucket":2,"minecraft:stone_axe":9,"minecraft:orange_dye":1,"minecraft:bread":29,"minecraft:air":0,"minecraft:blue_dye":3,"minecraft:charcoal":24,"minecraft:yellow_dye":14,"minecraft:shield":1,"minecraft:stick":84,"minecraft:iron_ingot":10,"minecraft:leather_chestplate":2,"minecraft:light_gray_dye":1,"minecraft:white_bed":2,"minecraft:torch":136,"mcwfurnitures:oak_chair":2}},"DataVersion":3465}