{"stats":{"minecraft:dropped":{"minecraft:oak_log":31,"minecraft:apple":1},"minecraft:killed":{"minecraft:pillager":1,"minecraft:zombie":3,"minecraft:cow":7},"minecraft:used":{"minecraft:stone_pickaxe":71,"minecraft:oak_planks":175,"minecraft:chest":1,"minecraft:wooden_pickaxe":14,"minecraft:oak_door":1,"minecraft:stone_axe":102,"minecraft:dirt":8,"minecraft:crafting_table":3,"minecraft:oak_sapling":2,"minecraft:furnace":4,"minecraft:cooked_beef":3},"minecraft:mined":{"minecraft:furnace":1,"minecraft:cornflower":1,"minecraft:crafting_table":2,"minecraft:grass":1,"minecraft:grass_block":18,"minecraft:oak_log":67,"minecraft:dirt":22,"minecraft:stone":83,"minecraft:oak_planks":6,"minecraft:oak_leaves":18},"minecraft:picked_up":{"minecraft:crafting_table":2,"minecraft:leather":6,"minecraft:oak_log":97,"minecraft:cornflower":1,"minecraft:dirt":39,"minecraft:rotten_flesh":2,"minecraft:apple":1,"minecraft:wheat_seeds":1,"minecraft:beef":17,"minecraft:oak_sapling":6,"minecraft:oak_planks":6,"minecraft:cobblestone":83,"minecraft:furnace":1},"minecraft:custom":{"minecraft:time_since_rest":23735,"minecraft:interact_with_furnace":15,"minecraft:sprint_one_cm":46733,"minecraft:damage_taken":285,"minecraft:walk_one_cm":44195,"minecraft:mob_kills":11,"minecraft:drop":2,"minecraft:damage_dealt":1530,"minecraft:interact_with_crafting_table":10,"minecraft:fly_one_cm":24152,"minecraft:open_chest":3,"minecraft:crouch_one_cm":7546,"minecraft:play_time":23735,"minecraft:sneak_time":3506,"minecraft:jump":241,"minecraft:leave_game":2,"minecraft:time_since_death":23735,"minecraft:total_world_time":23735,"minecraft:fall_one_cm":6176},"minecraft:crafted":{"minecraft:cooked_beef":16,"minecraft:blue_dye":1,"minecraft:oak_door":3,"minecraft:oak_planks":204,"minecraft:charcoal":15,"minecraft:crafting_table":1,"minecraft:stick":8,"minecraft:wooden_pickaxe":1,"minecraft:stone_pickaxe":1,"minecraft:chest":1,"minecraft:furnace":3,"minecraft:stone_axe":1,"minecraft:air":0}},"DataVersion":3465}