{"stats":{"minecraft:dropped":{"minecraft:apple":1},"minecraft:killed":{"minecraft:pillager":1,"minecraft:cow":7},"minecraft:used":{"minecraft:stone_pickaxe":63,"minecraft:wooden_pickaxe":14,"minecraft:stone_axe":28,"minecraft:dirt":6,"minecraft:crafting_table":1,"minecraft:furnace":1},"minecraft:mined":{"minecraft:furnace":1,"minecraft:crafting_table":1,"minecraft:grass":1,"minecraft:grass_block":9,"minecraft:oak_log":17,"minecraft:dirt":15,"minecraft:stone":75,"minecraft:oak_leaves":6},"minecraft:picked_up":{"minecraft:crafting_table":1,"minecraft:leather":6,"minecraft:oak_log":16,"minecraft:dirt":23,"minecraft:apple":1,"minecraft:wheat_seeds":1,"minecraft:beef":17,"minecraft:oak_sapling":2,"minecraft:cobblestone":74,"minecraft:furnace":1},"minecraft:custom":{"minecraft:time_since_rest":11155,"minecraft:sprint_one_cm":28185,"minecraft:damage_taken":125,"minecraft:walk_one_cm":11672,"minecraft:mob_kills":8,"minecraft:drop":1,"minecraft:damage_dealt":940,"minecraft:interact_with_crafting_table":5,"minecraft:fly_one_cm":13678,"minecraft:crouch_one_cm":3329,"minecraft:play_time":11155,"minecraft:sneak_time":2070,"minecraft:jump":120,"minecraft:leave_game":1,"minecraft:time_since_death":11155,"minecraft:total_world_time":11155,"minecraft:fall_one_cm":3912},"minecraft:crafted":{"minecraft:oak_planks":16,"minecraft:crafting_table":1,"minecraft:stick":8,"minecraft:wooden_pickaxe":1,"minecraft:stone_pickaxe":1,"minecraft:furnace":1,"minecraft:stone_axe":1}},"DataVersion":3465}