{"stats":{"minecraft:dropped":{"minecraft:oak_log":31,"minecraft:apple":1},"minecraft:broken":{"minecraft:stone_axe":1},"minecraft:killed":{"minecraft:pillager":1,"minecraft:zombie":3,"minecraft:cow":7},"minecraft:used":{"minecraft:stone_pickaxe":88,"minecraft:oak_planks":241,"minecraft:chest":1,"minecraft:wooden_pickaxe":14,"minecraft:oak_door":1,"minecraft:stone_axe":133,"minecraft:dirt":23,"minecraft:crafting_table":3,"minecraft:furnace":4,"minecraft:oak_sapling":3,"minecraft:cooked_beef":3},"minecraft:mined":{"minecraft:furnace":4,"minecraft:crafting_table":3,"minecraft:cornflower":1,"minecraft:grass":1,"minecraft:grass_block":34,"minecraft:oak_log":87,"minecraft:chest":1,"minecraft:dirt":60,"minecraft:tall_grass":1,"minecraft:stone":95,"minecraft:oak_planks":8,"minecraft:oak_leaves":24},"minecraft:picked_up":{"minecraft:stick":2,"minecraft:crafting_table":3,"minecraft:oak_door":2,"minecraft:leather":12,"minecraft:oak_log":117,"minecraft:cornflower":1,"minecraft:dirt":115,"minecraft:rotten_flesh":5,"minecraft:apple":1,"minecraft:wheat_seeds":1,"minecraft:beef":18,"minecraft:blue_dye":1,"minecraft:oak_sapling":14,"minecraft:chest":1,"minecraft:oak_planks":8,"minecraft:cobblestone":148,"minecraft:furnace":4},"minecraft:custom":{"minecraft:time_since_rest":33239,"minecraft:interact_with_furnace":19,"minecraft:sprint_one_cm":73865,"minecraft:damage_taken":285,"minecraft:walk_one_cm":55605,"minecraft:mob_kills":11,"minecraft:drop":2,"minecraft:damage_dealt":1530,"minecraft:interact_with_crafting_table":12,"minecraft:fly_one_cm":33176,"minecraft:open_chest":4,"minecraft:crouch_one_cm":14749,"minecraft:play_time":33239,"minecraft:sneak_time":6663,"minecraft:jump":290,"minecraft:leave_game":2,"minecraft:time_since_death":33239,"minecraft:total_world_time":33239,"minecraft:fall_one_cm":7966},"minecraft:crafted":{"minecraft:cooked_beef":16,"minecraft:blue_dye":1,"minecraft:oak_door":3,"minecraft:oak_planks":268,"minecraft:charcoal":15,"minecraft:crafting_table":1,"minecraft:stick":8,"minecraft:wooden_pickaxe":1,"minecraft:stone_pickaxe":1,"minecraft:chest":1,"minecraft:furnace":3,"minecraft:stone_axe":2,"minecraft:air":0}},"DataVersion":3465}