{"stats":{"minecraft:dropped":{"minecraft:birch_planks":2,"minecraft:wheat_seeds":1,"minecraft:oak_log":31,"minecraft:cobblestone":1,"minecraft:crossbow":1,"minecraft:apple":1,"minecraft:granite":16,"minecraft:grass_block":3,"minecraft:cooked_salmon":7,"minecraft:string":2,"minecraft:bone":1,"minecraft:stone_axe":1,"minecraft:oak_planks":4,"minecraft:light_gray_dye":1,"minecraft:wooden_pickaxe":2},"minecraft:broken":{"minecraft:stone_pickaxe":2,"minecraft:stone_axe":2},"minecraft:killed":{"minecraft:spider":2,"minecraft:skeleton":4,"minecraft:chicken":2,"minecraft:salmon":24,"minecraft:sheep":8,"minecraft:pillager":48,"minecraft:zombie":14,"minecraft:enderman":3,"minecraft:cow":9},"minecraft:used":{"mcwfurnitures:oak_chair":2,"minecraft:stone_shovel":38,"minecraft:chest":2,"minecraft:shield":16,"minecraft:cooked_salmon":9,"minecraft:rotten_flesh":3,"minecraft:oak_door":1,"minecraft:torch":93,"minecraft:dirt":153,"minecraft:yellow_carpet":12,"minecraft:tuff":7,"minecraft:granite":25,"minecraft:iron_axe":74,"minecraft:bow":2,"minecraft:beef":2,"minecraft:oak_sapling":4,"minecraft:goat_horn":4,"minecraft:furnace":10,"minecraft:cooked_beef":12,"minecraft:potato":1,"minecraft:cobbled_deepslate":3,"minecraft:cooked_mutton":10,"minecraft:cobblestone_stairs":51,"minecraft:stone_pickaxe":608,"minecraft:oak_planks":336,"mcwpaths:oak_planks_path":55,"minecraft:wooden_pickaxe":14,"minecraft:blue_bed":1,"minecraft:crafting_table":5,"minecraft:red_bed":1,"minecraft:crossbow":3,"minecraft:bread":29,"minecraft:stone_axe":435,"minecraft:pink_bed":1,"minecraft:cobblestone":215,"minecraft:bone_meal":19,"minecraft:experience_bottle":1},"minecraft:killed_by":{"minecraft:creeper":1,"minecraft:pillager":7,"minecraft:skeleton":1},"minecraft:custom":{"minecraft:mob_kills":119,"minecraft:interact_with_crafting_table":43,"minecraft:leave_game":21,"minecraft:time_since_death":54348,"minecraft:climb_one_cm":1345,"minecraft:sprint_one_cm":573287,"minecraft:walk_one_cm":285348,"minecraft:damage_blocked_by_shield":440,"minecraft:drop":20,"minecraft:play_time":250628,"minecraft:sneak_time":28453,"minecraft:deaths":10,"minecraft:walk_under_water_one_cm":19802,"minecraft:jump":3066,"minecraft:walk_on_water_one_cm":20913,"minecraft:total_world_time":250628,"minecraft:interact_with_furnace":54,"minecraft:sleep_in_bed":11,"minecraft:time_since_rest":33813,"minecraft:damage_taken":5995,"minecraft:damage_dealt":19648,"minecraft:swim_one_cm":73477,"minecraft:fly_one_cm":423883,"minecraft:open_chest":34,"minecraft:crouch_one_cm":64718,"minecraft:fall_one_cm":95460},"minecraft:mined":{"minecraft:tuff":12,"minecraft:cobblestone_stairs":3,"minecraft:granite":27,"minecraft:grass_block":60,"minecraft:hay_block":9,"minecraft:furnace":5,"minecraft:iron_ore":53,"minecraft:azure_bluet":1,"minecraft:dark_oak_stairs":1,"minecraft:red_tulip":1,"minecraft:deepslate_iron_ore":7,"minecraft:pink_tulip":1,"minecraft:stone":464,"minecraft:white_wool":6,"mcwpaths:oak_planks_path":4,"minecraft:red_bed":1,"minecraft:dandelion":14,"minecraft:crafting_table":3,"minecraft:cornflower":3,"minecraft:torch":1,"minecraft:poppy":1,"minecraft:chest":2,"minecraft:tall_grass":5,"minecraft:copper_ore":8,"minecraft:cobblestone":8,"minecraft:sugar_cane":20,"minecraft:oak_planks":10,"minecraft:wall_torch":3,"minecraft:birch_planks":2,"minecraft:birch_log":2,"minecraft:lilac":1,"minecraft:orange_tulip":1,"minecraft:grass":20,"minecraft:oak_log":136,"minecraft:coal_ore":17,"minecraft:gravel":27,"minecraft:dirt":100,"minecraft:deepslate":8,"minecraft:oak_leaves":37},"minecraft:picked_up":{"minecraft:charcoal":9,"minecraft:crafting_table":3,"minecraft:wheat":6,"minecraft:azure_bluet":1,"minecraft:chicken":2,"minecraft:wooden_pickaxe":8,"minecraft:shield":1,"minecraft:cornflower":3,"mcwpaths:oak_planks_path":7,"minecraft:string":4,"minecraft:red_bed":1,"minecraft:raw_copper":84,"minecraft:iron_axe":1,"minecraft:cooked_salmon":16,"minecraft:experience_bottle":3,"minecraft:cobbled_deepslate":7,"minecraft:beef":32,"minecraft:red_dye":7,"minecraft:poppy":1,"minecraft:sugar_cane":332,"minecraft:chest":8,"minecraft:furnace":5,"minecraft:egg":2,"minecraft:stick":4,"minecraft:raw_iron":106,"minecraft:orange_dye":7,"minecraft:oak_door":4,"minecraft:oak_fence":20,"minecraft:torch":87,"minecraft:goat_horn":8,"minecraft:arrow":17,"minecraft:rotten_flesh":30,"minecraft:stone_shovel":2,"minecraft:red_tulip":1,"minecraft:hay_block":9,"minecraft:blue_dye":12,"minecraft:pink_tulip":1,"minecraft:mutton":70,"minecraft:white_wool":14,"minecraft:cobblestone":984,"minecraft:birch_log":2,"minecraft:leather_chestplate":3,"minecraft:feather":3,"minecraft:cooked_beef":13,"minecraft:lilac":1,"minecraft:tripwire_hook":6,"minecraft:salmon":28,"minecraft:leather":70,"minecraft:yellow_dye":15,"minecraft:potato":30,"minecraft:birch_planks":12,"minecraft:magenta_dye":4,"minecraft:flint":9,"minecraft:tuff":11,"minecraft:light_gray_dye":8,"minecraft:oak_log":166,"minecraft:cobblestone_stairs":99,"minecraft:white_banner":17,"minecraft:dirt":278,"minecraft:bone":11,"minecraft:apple":1,"minecraft:bow":8,"minecraft:wheat_seeds":6,"minecraft:orange_tulip":1,"minecraft:stone_pickaxe":14,"minecraft:oak_planks":198,"minecraft:dark_oak_stairs":8,"minecraft:dandelion":14,"minecraft:gravel":24,"minecraft:grass_block":6,"minecraft:dark_oak_log":12,"minecraft:stone_axe":16,"minecraft:granite":53,"minecraft:crossbow":7,"minecraft:bone_meal":5,"minecraft:bread":114,"minecraft:oak_sapling":21,"minecraft:coal":21,"minecraft:pink_dye":5,"minecraft:ender_pearl":3},"minecraft:crafted":{"minecraft:oak_door":3,"minecraft:oak_planks":428,"minecraft:stone_shovel":1,"minecraft:pink_bed":1,"minecraft:furnace":5,"minecraft:cobblestone_stairs":96,"minecraft:bone_meal":18,"minecraft:pink_dye":1,"minecraft:white_carpet":12,"minecraft:cooked_mutton":10,"minecraft:bow":1,"minecraft:iron_axe":1,"minecraft:stone_pickaxe":7,"minecraft:chest":1,"mcwpaths:oak_planks_path":48,"minecraft:dark_oak_planks":8,"minecraft:magenta_dye":2,"minecraft:oak_fence":6,"minecraft:wheat":81,"minecraft:cooked_beef":17,"minecraft:red_dye":2,"minecraft:oak_slab":18,"minecraft:crossbow":1,"minecraft:crafting_table":2,"minecraft:wooden_pickaxe":1,"minecraft:yellow_carpet":12,"minecraft:red_bed":1,"minecraft:blue_bed":1,"minecraft:cooked_salmon":16,"minecraft:birch_planks":8,"minecraft:stone_axe":8,"minecraft:orange_dye":1,"minecraft:bread":29,"minecraft:air":0,"minecraft:blue_dye":3,"minecraft:charcoal":24,"minecraft:yellow_dye":14,"minecraft:shield":1,"minecraft:stick":84,"minecraft:iron_ingot":6,"minecraft:leather_chestplate":2,"minecraft:light_gray_dye":1,"minecraft:white_bed":2,"minecraft:torch":136,"mcwfurnitures:oak_chair":2}},"DataVersion":3465}