{"stats":{"minecraft:killed":{"minecraft:pig":4,"minecraft:salmon":11,"minecraft:sheep":7,"minecraft:zombie":2,"minecraft:tropical_fish":7,"minecraft:cow":8},"minecraft:mined":{"minecraft:acacia_leaves":11,"minecraft:cobblestone_stairs":3,"minecraft:crafting_table":3,"minecraft:acacia_log":6,"minecraft:allium":1,"minecraft:grass_block":6,"minecraft:spruce_fence":1,"minecraft:rose_bush":8,"minecraft:sugar_cane":9,"minecraft:hay_block":7,"minecraft:furnace":1,"minecraft:iron_ore":2,"minecraft:wheat":5,"minecraft:birch_leaves":2,"minecraft:peony":2,"minecraft:bell":1,"minecraft:grass":11,"minecraft:oak_log":1,"minecraft:gravel":42,"minecraft:dirt":8,"minecraft:stone":15,"minecraft:oak_leaves":30},"minecraft:killed_by":{"minecraft:skeleton":3,"minecraft:zombie":2},"minecraft:picked_up":{"minecraft:wheat":61,"minecraft:crafting_table":6,"minecraft:allium":1,"minecraft:salmon":54,"minecraft:leather":54,"minecraft:wooden_pickaxe":4,"minecraft:magenta_dye":2,"minecraft:flint":2,"minecraft:oak_log":1,"minecraft:gunpowder":20,"minecraft:cobblestone_stairs":9,"minecraft:dirt":54,"minecraft:acacia_planks":13,"minecraft:wheat_seeds":51,"minecraft:bell":1,"minecraft:beef":90,"minecraft:stone_pickaxe":5,"minecraft:rose_bush":48,"minecraft:sugar_cane":126,"minecraft:acacia_sapling":6,"minecraft:furnace":5,"minecraft:stick":3,"minecraft:raw_iron":6,"minecraft:acacia_log":11,"minecraft:spruce_fence":1,"minecraft:gravel":111,"minecraft:porkchop":64,"minecraft:leather_helmet":5,"minecraft:rotten_flesh":9,"minecraft:tropical_fish":7,"minecraft:stone_axe":2,"minecraft:hay_block":7,"minecraft:bone_meal":4,"minecraft:emerald":4,"minecraft:mutton":10,"minecraft:cobblestone":20,"minecraft:white_wool":41},"minecraft:custom":{"minecraft:interact_with_furnace":3,"minecraft:mob_kills":40,"minecraft:traded_with_villager":2,"minecraft:interact_with_crafting_table":9,"minecraft:bell_ring":36,"minecraft:leave_game":8,"minecraft:time_since_death":1781,"minecraft:sleep_in_bed":1,"minecraft:time_since_rest":1927,"minecraft:sprint_one_cm":229224,"minecraft:damage_taken":1635,"minecraft:walk_one_cm":92271,"minecraft:damage_dealt":2824,"minecraft:swim_one_cm":98376,"minecraft:talked_to_villager":6,"minecraft:fly_one_cm":106411,"minecraft:open_chest":2,"minecraft:crouch_one_cm":5823,"minecraft:play_time":55526,"minecraft:deaths":6,"minecraft:sneak_time":2646,"minecraft:walk_under_water_one_cm":27162,"minecraft:jump":710,"minecraft:walk_on_water_one_cm":19587,"minecraft:total_world_time":55526,"minecraft:fall_one_cm":12404},"minecraft:crafted":{"minecraft:oak_planks":4,"minecraft:emerald":2,"minecraft:crafting_table":1,"minecraft:wooden_pickaxe":1,"minecraft:furnace":1,"minecraft:fletching_table":1,"minecraft:stone_axe":1,"minecraft:bread":5,"minecraft:stick":8,"minecraft:stone_pickaxe":1,"minecraft:chest":1,"minecraft:acacia_planks":20,"minecraft:magenta_dye":1,"minecraft:wheat":63},"minecraft:used":{"minecraft:wheat_seeds":4,"minecraft:tropical_fish":7,"minecraft:stone_pickaxe":13,"minecraft:chest":1,"minecraft:wooden_pickaxe":9,"minecraft:fletching_table":1,"minecraft:bell":1,"minecraft:dirt":6,"minecraft:mutton":1,"minecraft:crafting_table":4,"minecraft:bread":5,"minecraft:gravel":30,"minecraft:stone_axe":62,"minecraft:furnace":2,"minecraft:porkchop":1,"minecraft:bone_meal":1}},"DataVersion":3465}