{"stats":{"minecraft:killed":{"minecraft:salmon":17,"minecraft:sheep":8,"minecraft:skeleton":2,"minecraft:pillager":5,"minecraft:zombie":3,"minecraft:cow":9},"minecraft:mined":{"minecraft:dandelion":14,"minecraft:crafting_table":3,"minecraft:cornflower":3,"minecraft:grass_block":42,"minecraft:poppy":1,"minecraft:chest":1,"minecraft:tall_grass":1,"minecraft:cobblestone":3,"minecraft:sugar_cane":20,"minecraft:oak_planks":10,"minecraft:furnace":4,"minecraft:birch_log":2,"minecraft:lilac":1,"minecraft:orange_tulip":1,"minecraft:azure_bluet":1,"minecraft:grass":7,"minecraft:red_tulip":1,"minecraft:oak_log":113,"minecraft:coal_ore":2,"minecraft:dirt":67,"minecraft:pink_tulip":1,"minecraft:stone":123,"minecraft:white_wool":6,"minecraft:oak_leaves":29},"minecraft:killed_by":{"minecraft:skeleton":1},"minecraft:picked_up":{"minecraft:birch_log":2,"minecraft:charcoal":9,"minecraft:crafting_table":3,"minecraft:azure_bluet":1,"minecraft:lilac":1,"minecraft:cooked_beef":13,"minecraft:salmon":22,"minecraft:leather":28,"minecraft:wooden_pickaxe":2,"minecraft:oak_log":143,"minecraft:cornflower":3,"minecraft:dirt":196,"minecraft:bone":2,"minecraft:apple":1,"minecraft:bow":2,"minecraft:orange_tulip":1,"minecraft:wheat_seeds":2,"minecraft:stone_pickaxe":2,"minecraft:beef":20,"minecraft:poppy":1,"minecraft:sugar_cane":77,"minecraft:chest":2,"minecraft:oak_planks":10,"minecraft:egg":2,"minecraft:furnace":4,"minecraft:stick":2,"minecraft:oak_door":4,"minecraft:torch":22,"minecraft:dandelion":14,"minecraft:arrow":2,"minecraft:rotten_flesh":8,"minecraft:stone_axe":2,"minecraft:red_tulip":1,"minecraft:blue_dye":1,"minecraft:pink_tulip":1,"minecraft:bone_meal":1,"minecraft:oak_sapling":21,"minecraft:mutton":10,"minecraft:coal":4,"minecraft:white_wool":14,"minecraft:cobblestone":322},"minecraft:broken":{"minecraft:stone_axe":2},"minecraft:custom":{"minecraft:interact_with_furnace":25,"minecraft:mob_kills":44,"minecraft:interact_with_crafting_table":20,"minecraft:leave_game":3,"minecraft:time_since_death":16686,"minecraft:sleep_in_bed":2,"minecraft:time_since_rest":10423,"minecraft:sprint_one_cm":218499,"minecraft:damage_taken":1005,"minecraft:walk_one_cm":98017,"minecraft:drop":4,"minecraft:damage_dealt":4100,"minecraft:swim_one_cm":46616,"minecraft:fly_one_cm":134572,"minecraft:open_chest":11,"minecraft:crouch_one_cm":19818,"minecraft:play_time":67570,"minecraft:deaths":2,"minecraft:sneak_time":8253,"minecraft:walk_under_water_one_cm":12908,"minecraft:jump":900,"minecraft:walk_on_water_one_cm":7834,"minecraft:total_world_time":67570,"minecraft:fall_one_cm":27744},"minecraft:dropped":{"minecraft:birch_planks":2,"minecraft:oak_log":31,"minecraft:apple":1},"minecraft:crafted":{"minecraft:cooked_beef":17,"minecraft:red_dye":2,"minecraft:oak_door":3,"minecraft:oak_planks":388,"minecraft:crafting_table":1,"minecraft:wooden_pickaxe":1,"minecraft:yellow_carpet":12,"minecraft:red_bed":1,"minecraft:furnace":4,"minecraft:blue_bed":1,"minecraft:bone_meal":6,"minecraft:birch_planks":8,"minecraft:stone_axe":2,"minecraft:pink_dye":1,"minecraft:white_carpet":12,"minecraft:orange_dye":1,"minecraft:air":0,"minecraft:blue_dye":2,"minecraft:charcoal":15,"minecraft:yellow_dye":14,"minecraft:stick":20,"minecraft:stone_pickaxe":1,"minecraft:chest":1,"minecraft:light_gray_dye":1,"minecraft:white_bed":2,"minecraft:torch":16,"minecraft:magenta_dye":2,"minecraft:oak_fence":3},"minecraft:used":{"minecraft:stone_pickaxe":122,"minecraft:oak_planks":324,"minecraft:chest":2,"minecraft:wooden_pickaxe":14,"minecraft:blue_bed":1,"minecraft:oak_door":1,"minecraft:torch":5,"minecraft:dirt":25,"minecraft:crafting_table":4,"minecraft:red_bed":1,"minecraft:yellow_carpet":12,"minecraft:stone_axe":217,"minecraft:cobblestone":6,"minecraft:furnace":8,"minecraft:oak_sapling":4,"minecraft:cooked_beef":9,"minecraft:bone_meal":6}},"DataVersion":3465}