{"stats":{"minecraft:killed":{"minecraft:sheep":7,"minecraft:zombie":1,"minecraft:pig":4,"minecraft:salmon":11,"minecraft:tropical_fish":7,"minecraft:cow":8},"minecraft:used":{"minecraft:stone_pickaxe":7,"minecraft:tropical_fish":7,"minecraft:bread":5,"minecraft:wooden_pickaxe":9,"minecraft:stone_axe":62,"minecraft:dirt":6,"minecraft:mutton":1,"minecraft:crafting_table":2,"minecraft:furnace":1},"minecraft:picked_up":{"minecraft:stick":3,"minecraft:crafting_table":2,"minecraft:salmon":9,"minecraft:leather":9,"minecraft:acacia_log":5,"minecraft:spruce_fence":1,"minecraft:gravel":17,"minecraft:porkchop":11,"minecraft:dirt":14,"minecraft:rotten_flesh":1,"minecraft:tropical_fish":7,"minecraft:wheat_seeds":2,"minecraft:beef":15,"minecraft:bone_meal":1,"minecraft:rose_bush":8,"minecraft:sugar_cane":21,"minecraft:mutton":10,"minecraft:acacia_sapling":1,"minecraft:white_wool":7,"minecraft:cobblestone":15,"minecraft:furnace":1},"minecraft:mined":{"minecraft:acacia_leaves":11,"minecraft:furnace":1,"minecraft:birch_leaves":2,"minecraft:crafting_table":2,"minecraft:peony":2,"minecraft:grass":11,"minecraft:acacia_log":6,"minecraft:grass_block":6,"minecraft:spruce_fence":1,"minecraft:rose_bush":8,"minecraft:gravel":17,"minecraft:dirt":8,"minecraft:stone":15,"minecraft:sugar_cane":9,"minecraft:oak_leaves":29},"minecraft:crafted":{"minecraft:crafting_table":1,"minecraft:stick":8,"minecraft:wooden_pickaxe":1,"minecraft:stone_pickaxe":1,"minecraft:furnace":1,"minecraft:acacia_planks":12,"minecraft:stone_axe":1,"minecraft:bread":5},"minecraft:killed_by":{"minecraft:skeleton":1},"minecraft:custom":{"minecraft:time_since_rest":8082,"minecraft:interact_with_furnace":2,"minecraft:sprint_one_cm":142923,"minecraft:damage_taken":415,"minecraft:walk_one_cm":53081,"minecraft:mob_kills":38,"minecraft:damage_dealt":2581,"minecraft:swim_one_cm":98376,"minecraft:interact_with_crafting_table":6,"minecraft:fly_one_cm":73784,"minecraft:open_chest":1,"minecraft:crouch_one_cm":4111,"minecraft:play_time":30916,"minecraft:deaths":1,"minecraft:sneak_time":2020,"minecraft:walk_under_water_one_cm":27162,"minecraft:jump":417,"minecraft:leave_game":2,"minecraft:time_since_death":7669,"minecraft:walk_on_water_one_cm":19587,"minecraft:total_world_time":30916,"minecraft:fall_one_cm":8251}},"DataVersion":3465}