{"stats":{"minecraft:killed":{"minecraft:sheep":4,"minecraft:pig":4,"minecraft:tropical_fish":7,"minecraft:cow":8},"minecraft:used":{"minecraft:tropical_fish":7,"minecraft:bread":2,"minecraft:stone_pickaxe":7,"minecraft:wooden_pickaxe":9,"minecraft:stone_axe":41,"minecraft:dirt":1,"minecraft:crafting_table":2,"minecraft:furnace":1},"minecraft:picked_up":{"minecraft:stick":1,"minecraft:crafting_table":1,"minecraft:leather":9,"minecraft:acacia_log":5,"minecraft:spruce_fence":1,"minecraft:porkchop":11,"minecraft:dirt":14,"minecraft:tropical_fish":7,"minecraft:wheat_seeds":1,"minecraft:beef":15,"minecraft:bone_meal":1,"minecraft:sugar_cane":21,"minecraft:mutton":6,"minecraft:acacia_sapling":1,"minecraft:white_wool":4,"minecraft:cobblestone":15,"minecraft:furnace":1},"minecraft:mined":{"minecraft:acacia_leaves":11,"minecraft:furnace":1,"minecraft:peony":2,"minecraft:crafting_table":1,"minecraft:grass":6,"minecraft:acacia_log":6,"minecraft:spruce_fence":1,"minecraft:grass_block":6,"minecraft:dirt":8,"minecraft:stone":15,"minecraft:sugar_cane":9},"minecraft:crafted":{"minecraft:crafting_table":1,"minecraft:stick":8,"minecraft:wooden_pickaxe":1,"minecraft:stone_pickaxe":1,"minecraft:furnace":1,"minecraft:acacia_planks":12,"minecraft:stone_axe":1,"minecraft:bread":5},"minecraft:custom":{"minecraft:time_since_rest":17660,"minecraft:interact_with_furnace":2,"minecraft:sprint_one_cm":53852,"minecraft:damage_taken":180,"minecraft:walk_one_cm":13143,"minecraft:mob_kills":23,"minecraft:damage_dealt":1730,"minecraft:interact_with_crafting_table":6,"minecraft:swim_one_cm":67920,"minecraft:fly_one_cm":37447,"minecraft:open_chest":1,"minecraft:crouch_one_cm":2585,"minecraft:play_time":17660,"minecraft:sneak_time":1437,"minecraft:walk_under_water_one_cm":11680,"minecraft:jump":204,"minecraft:time_since_death":17660,"minecraft:walk_on_water_one_cm":6367,"minecraft:total_world_time":17660,"minecraft:fall_one_cm":5279}},"DataVersion":3465}