{"stats":{"minecraft:killed":{"minecraft:pig":4,"minecraft:salmon":11,"minecraft:sheep":7,"minecraft:zombie":1,"minecraft:tropical_fish":7,"minecraft:cow":8},"minecraft:mined":{"minecraft:acacia_leaves":11,"minecraft:crafting_table":2,"minecraft:acacia_log":6,"minecraft:allium":1,"minecraft:grass_block":6,"minecraft:spruce_fence":1,"minecraft:rose_bush":8,"minecraft:sugar_cane":9,"minecraft:furnace":1,"minecraft:iron_ore":2,"minecraft:wheat":5,"minecraft:birch_leaves":2,"minecraft:peony":2,"minecraft:grass":11,"minecraft:gravel":17,"minecraft:dirt":8,"minecraft:stone":15,"minecraft:oak_leaves":30},"minecraft:killed_by":{"minecraft:skeleton":3},"minecraft:picked_up":{"minecraft:crafting_table":5,"minecraft:allium":1,"minecraft:wheat":5,"minecraft:salmon":36,"minecraft:leather":36,"minecraft:wooden_pickaxe":3,"minecraft:gunpowder":12,"minecraft:dirt":38,"minecraft:acacia_planks":3,"minecraft:wheat_seeds":23,"minecraft:beef":60,"minecraft:stone_pickaxe":3,"minecraft:rose_bush":32,"minecraft:sugar_cane":84,"minecraft:acacia_sapling":4,"minecraft:furnace":4,"minecraft:stick":3,"minecraft:raw_iron":2,"minecraft:acacia_log":11,"minecraft:spruce_fence":1,"minecraft:gravel":68,"minecraft:porkchop":44,"minecraft:leather_helmet":3,"minecraft:rotten_flesh":4,"minecraft:tropical_fish":7,"minecraft:stone_axe":2,"minecraft:bone_meal":4,"minecraft:mutton":10,"minecraft:white_wool":27,"minecraft:cobblestone":18},"minecraft:custom":{"minecraft:interact_with_furnace":2,"minecraft:mob_kills":38,"minecraft:interact_with_crafting_table":6,"minecraft:leave_game":6,"minecraft:time_since_death":4756,"minecraft:time_since_rest":4797,"minecraft:sprint_one_cm":198526,"minecraft:damage_taken":1225,"minecraft:walk_one_cm":71615,"minecraft:damage_dealt":2591,"minecraft:swim_one_cm":98376,"minecraft:fly_one_cm":95239,"minecraft:open_chest":1,"minecraft:crouch_one_cm":4675,"minecraft:play_time":42637,"minecraft:deaths":4,"minecraft:sneak_time":2279,"minecraft:walk_under_water_one_cm":27162,"minecraft:jump":611,"minecraft:walk_on_water_one_cm":19587,"minecraft:total_world_time":42637,"minecraft:fall_one_cm":10546},"minecraft:crafted":{"minecraft:crafting_table":1,"minecraft:wooden_pickaxe":1,"minecraft:furnace":1,"minecraft:stone_axe":1,"minecraft:bread":5,"minecraft:stick":8,"minecraft:stone_pickaxe":1,"minecraft:acacia_planks":12,"minecraft:magenta_dye":1},"minecraft:used":{"minecraft:wheat_seeds":4,"minecraft:tropical_fish":7,"minecraft:stone_pickaxe":9,"minecraft:wooden_pickaxe":9,"minecraft:dirt":6,"minecraft:mutton":1,"minecraft:crafting_table":2,"minecraft:bread":5,"minecraft:gravel":4,"minecraft:stone_axe":62,"minecraft:furnace":1,"minecraft:bone_meal":1}},"DataVersion":3465}