{"stats":{"minecraft:dropped":{"minecraft:birch_planks":2,"minecraft:wheat_seeds":1,"minecraft:oak_log":31,"minecraft:crossbow":1,"minecraft:cobblestone":1,"minecraft:apple":1,"minecraft:granite":16,"minecraft:grass_block":3,"minecraft:cooked_salmon":7,"minecraft:string":2,"minecraft:bone":1,"minecraft:stone_axe":1,"minecraft:oak_planks":4,"minecraft:oak_sapling":1,"minecraft:light_gray_dye":1,"minecraft:wooden_pickaxe":2,"minecraft:egg":1},"minecraft:broken":{"minecraft:stone_pickaxe":3,"minecraft:stone_axe":2},"minecraft:killed":{"minecraft:spider":4,"minecraft:skeleton":5,"minecraft:chicken":2,"minecraft:salmon":24,"minecraft:sheep":8,"minecraft:pillager":48,"minecraft:zombie":16,"minecraft:cow":9,"minecraft:enderman":3},"minecraft:used":{"mcwfurnitures:oak_chair":2,"minecraft:stone_shovel":38,"minecraft:chest":2,"minecraft:shield":20,"minecraft:cooked_salmon":9,"minecraft:rotten_flesh":3,"minecraft:oak_door":1,"minecraft:torch":93,"minecraft:dirt":153,"minecraft:yellow_carpet":12,"minecraft:tuff":7,"minecraft:granite":25,"minecraft:iron_axe":90,"minecraft:bow":2,"minecraft:beef":2,"minecraft:oak_sapling":4,"minecraft:goat_horn":4,"minecraft:furnace":10,"minecraft:cooked_beef":12,"minecraft:potato":1,"minecraft:cobbled_deepslate":3,"minecraft:cooked_mutton":10,"minecraft:water_bucket":1,"minecraft:cobblestone_stairs":51,"minecraft:stone_pickaxe":612,"minecraft:oak_planks":336,"mcwpaths:oak_planks_path":55,"minecraft:wooden_pickaxe":14,"minecraft:blue_bed":1,"minecraft:crafting_table":5,"minecraft:red_bed":1,"minecraft:crossbow":3,"minecraft:bread":29,"minecraft:stone_axe":435,"minecraft:pink_bed":1,"minecraft:cobblestone":215,"minecraft:bucket":1,"minecraft:bone_meal":19,"minecraft:experience_bottle":1},"minecraft:killed_by":{"minecraft:creeper":1,"minecraft:pillager":7,"minecraft:skeleton":2},"minecraft:custom":{"minecraft:mob_kills":124,"minecraft:interact_with_crafting_table":44,"minecraft:leave_game":22,"minecraft:time_since_death":6301,"minecraft:climb_one_cm":1345,"minecraft:sprint_one_cm":592403,"minecraft:walk_one_cm":291727,"minecraft:damage_blocked_by_shield":660,"minecraft:drop":22,"minecraft:play_time":257439,"minecraft:sneak_time":28653,"minecraft:deaths":11,"minecraft:walk_under_water_one_cm":23070,"minecraft:jump":3171,"minecraft:walk_on_water_one_cm":32295,"minecraft:total_world_time":257439,"minecraft:interact_with_furnace":55,"minecraft:sleep_in_bed":11,"minecraft:time_since_rest":6406,"minecraft:damage_taken":6286,"minecraft:damage_dealt":20479,"minecraft:swim_one_cm":78228,"minecraft:fly_one_cm":435033,"minecraft:open_chest":34,"minecraft:crouch_one_cm":64843,"minecraft:fall_one_cm":99024},"minecraft:mined":{"minecraft:tuff":12,"minecraft:cobblestone_stairs":3,"minecraft:granite":27,"minecraft:grass_block":60,"minecraft:hay_block":9,"minecraft:furnace":5,"minecraft:iron_ore":53,"minecraft:andesite":4,"minecraft:azure_bluet":1,"minecraft:dark_oak_stairs":1,"minecraft:red_tulip":1,"minecraft:deepslate_iron_ore":7,"minecraft:pink_tulip":1,"minecraft:stone":464,"minecraft:white_wool":6,"mcwpaths:oak_planks_path":4,"minecraft:red_bed":1,"minecraft:dandelion":14,"minecraft:crafting_table":3,"minecraft:cornflower":3,"minecraft:torch":1,"minecraft:poppy":1,"minecraft:chest":2,"minecraft:tall_grass":5,"minecraft:copper_ore":8,"minecraft:cobblestone":8,"minecraft:sugar_cane":20,"minecraft:oak_planks":10,"minecraft:wall_torch":3,"minecraft:birch_planks":2,"minecraft:birch_log":2,"minecraft:lilac":1,"minecraft:orange_tulip":1,"minecraft:grass":20,"minecraft:oak_log":136,"minecraft:coal_ore":17,"minecraft:gravel":27,"minecraft:dirt":100,"minecraft:oak_leaves":40,"minecraft:deepslate":8},"minecraft:picked_up":{"minecraft:charcoal":9,"minecraft:crafting_table":3,"minecraft:wheat":6,"minecraft:azure_bluet":1,"minecraft:chicken":2,"minecraft:wooden_pickaxe":8,"minecraft:shield":2,"minecraft:cornflower":3,"mcwpaths:oak_planks_path":7,"minecraft:string":7,"minecraft:red_bed":1,"minecraft:raw_copper":84,"minecraft:iron_axe":2,"minecraft:cooked_salmon":16,"minecraft:experience_bottle":3,"minecraft:cobbled_deepslate":11,"minecraft:beef":32,"minecraft:red_dye":8,"minecraft:poppy":1,"minecraft:sugar_cane":332,"minecraft:chest":8,"minecraft:furnace":5,"minecraft:egg":3,"minecraft:stick":13,"minecraft:raw_iron":137,"minecraft:orange_dye":8,"minecraft:oak_door":4,"minecraft:oak_fence":22,"minecraft:torch":134,"minecraft:goat_horn":9,"minecraft:dark_oak_planks":1,"minecraft:arrow":23,"minecraft:rotten_flesh":36,"minecraft:stone_shovel":3,"minecraft:red_tulip":1,"minecraft:hay_block":9,"minecraft:blue_dye":13,"minecraft:pink_tulip":1,"minecraft:mutton":70,"minecraft:white_wool":14,"minecraft:cobblestone":990,"minecraft:birch_log":2,"minecraft:leather_chestplate":4,"minecraft:cooked_beef":13,"minecraft:feather":6,"minecraft:lilac":1,"minecraft:tripwire_hook":6,"minecraft:salmon":34,"minecraft:leather":70,"minecraft:yellow_dye":15,"minecraft:potato":30,"minecraft:birch_planks":12,"minecraft:magenta_dye":4,"minecraft:flint":12,"minecraft:tuff":15,"minecraft:light_gray_dye":9,"minecraft:oak_log":166,"minecraft:cobblestone_stairs":147,"minecraft:dirt":285,"minecraft:white_banner":20,"minecraft:bone":11,"minecraft:apple":1,"minecraft:bow":8,"minecraft:wheat_seeds":6,"minecraft:orange_tulip":1,"minecraft:iron_ingot":2,"minecraft:stone_pickaxe":16,"minecraft:oak_planks":198,"minecraft:dark_oak_stairs":9,"minecraft:dandelion":14,"minecraft:gravel":24,"minecraft:grass_block":6,"minecraft:dark_oak_log":12,"minecraft:spider_eye":1,"minecraft:stone_axe":18,"minecraft:crossbow":8,"minecraft:granite":58,"minecraft:bone_meal":5,"minecraft:bread":114,"minecraft:oak_sapling":22,"minecraft:coal":21,"minecraft:pink_dye":5,"minecraft:ender_pearl":3},"minecraft:crafted":{"minecraft:oak_door":3,"minecraft:oak_planks":428,"minecraft:stone_shovel":1,"minecraft:pink_bed":1,"minecraft:furnace":5,"minecraft:cobblestone_stairs":96,"minecraft:bone_meal":18,"minecraft:pink_dye":1,"minecraft:white_carpet":12,"minecraft:cooked_mutton":10,"minecraft:bow":1,"minecraft:iron_axe":1,"minecraft:stone_pickaxe":7,"minecraft:chest":1,"mcwpaths:oak_planks_path":48,"minecraft:dark_oak_planks":8,"minecraft:magenta_dye":2,"minecraft:oak_fence":6,"minecraft:wheat":81,"minecraft:cooked_beef":17,"minecraft:red_dye":2,"minecraft:oak_slab":18,"minecraft:crossbow":1,"minecraft:crafting_table":2,"minecraft:yellow_carpet":12,"minecraft:wooden_pickaxe":1,"minecraft:red_bed":1,"minecraft:blue_bed":1,"minecraft:cooked_salmon":16,"minecraft:birch_planks":8,"minecraft:bucket":1,"minecraft:stone_axe":9,"minecraft:orange_dye":1,"minecraft:bread":29,"minecraft:air":0,"minecraft:blue_dye":3,"minecraft:charcoal":24,"minecraft:yellow_dye":14,"minecraft:shield":1,"minecraft:stick":84,"minecraft:iron_ingot":7,"minecraft:leather_chestplate":2,"minecraft:light_gray_dye":1,"minecraft:white_bed":2,"minecraft:torch":136,"mcwfurnitures:oak_chair":2}},"DataVersion":3465}