{"stats":{"minecraft:dropped":{"minecraft:stone_axe":1,"minecraft:birch_planks":2,"minecraft:oak_log":31,"minecraft:crossbow":1,"minecraft:oak_planks":4,"minecraft:apple":1,"minecraft:cooked_salmon":7},"minecraft:broken":{"minecraft:stone_axe":2},"minecraft:killed":{"minecraft:salmon":17,"minecraft:sheep":8,"minecraft:skeleton":2,"minecraft:pillager":41,"minecraft:zombie":5,"minecraft:cow":9},"minecraft:used":{"minecraft:stone_pickaxe":122,"minecraft:oak_planks":334,"minecraft:chest":2,"minecraft:wooden_pickaxe":14,"minecraft:cooked_salmon":9,"minecraft:blue_bed":1,"minecraft:oak_door":1,"minecraft:torch":5,"minecraft:dirt":25,"minecraft:crafting_table":4,"minecraft:red_bed":1,"minecraft:crossbow":2,"minecraft:yellow_carpet":12,"minecraft:bread":16,"minecraft:stone_axe":399,"minecraft:cobblestone":8,"minecraft:bow":2,"minecraft:goat_horn":1,"minecraft:furnace":8,"minecraft:oak_sapling":4,"minecraft:experience_bottle":1,"minecraft:potato":1,"minecraft:cooked_beef":12,"minecraft:bone_meal":7},"minecraft:picked_up":{"minecraft:birch_log":2,"minecraft:leather_chestplate":1,"minecraft:wheat":6,"minecraft:charcoal":9,"minecraft:crafting_table":3,"minecraft:lilac":1,"minecraft:azure_bluet":1,"minecraft:cooked_beef":13,"minecraft:tripwire_hook":6,"minecraft:salmon":22,"minecraft:leather":70,"minecraft:yellow_dye":11,"minecraft:wooden_pickaxe":7,"minecraft:potato":30,"minecraft:birch_planks":12,"minecraft:magenta_dye":4,"minecraft:light_gray_dye":5,"minecraft:oak_log":147,"minecraft:cornflower":3,"minecraft:dirt":196,"minecraft:white_banner":11,"minecraft:cooked_salmon":16,"minecraft:experience_bottle":3,"minecraft:bone":2,"minecraft:apple":1,"minecraft:bow":8,"minecraft:orange_tulip":1,"minecraft:wheat_seeds":3,"minecraft:red_dye":5,"minecraft:stone_pickaxe":10,"minecraft:beef":30,"minecraft:poppy":1,"minecraft:sugar_cane":332,"minecraft:chest":8,"minecraft:oak_planks":198,"minecraft:dark_oak_stairs":6,"minecraft:egg":2,"minecraft:furnace":4,"minecraft:stick":4,"minecraft:orange_dye":5,"minecraft:oak_door":4,"minecraft:oak_fence":15,"minecraft:torch":77,"minecraft:dandelion":14,"minecraft:dark_oak_log":12,"minecraft:goat_horn":6,"minecraft:arrow":6,"minecraft:rotten_flesh":18,"minecraft:stone_axe":12,"minecraft:hay_block":9,"minecraft:crossbow":5,"minecraft:red_tulip":1,"minecraft:blue_dye":10,"minecraft:bone_meal":5,"minecraft:pink_tulip":1,"minecraft:bread":114,"minecraft:pink_dye":5,"minecraft:oak_sapling":21,"minecraft:mutton":60,"minecraft:coal":4,"minecraft:white_wool":14,"minecraft:cobblestone":579},"minecraft:mined":{"minecraft:dandelion":14,"minecraft:crafting_table":3,"minecraft:cornflower":3,"minecraft:grass_block":42,"minecraft:poppy":1,"minecraft:chest":2,"minecraft:tall_grass":5,"minecraft:cobblestone":3,"minecraft:oak_planks":10,"minecraft:sugar_cane":20,"minecraft:hay_block":9,"minecraft:birch_planks":2,"minecraft:furnace":4,"minecraft:birch_log":2,"minecraft:lilac":1,"minecraft:orange_tulip":1,"minecraft:dark_oak_stairs":1,"minecraft:azure_bluet":1,"minecraft:grass":15,"minecraft:red_tulip":1,"minecraft:oak_log":117,"minecraft:coal_ore":2,"minecraft:dirt":67,"minecraft:pink_tulip":1,"minecraft:stone":123,"minecraft:white_wool":6,"minecraft:oak_leaves":31},"minecraft:crafted":{"minecraft:cooked_beef":17,"minecraft:red_dye":2,"minecraft:oak_door":3,"minecraft:oak_planks":404,"minecraft:crafting_table":1,"minecraft:wooden_pickaxe":1,"minecraft:yellow_carpet":12,"minecraft:cooked_salmon":16,"minecraft:red_bed":1,"minecraft:furnace":4,"minecraft:blue_bed":1,"minecraft:bone_meal":6,"minecraft:birch_planks":8,"minecraft:stone_axe":8,"minecraft:pink_dye":1,"minecraft:orange_dye":1,"minecraft:white_carpet":12,"minecraft:bread":29,"minecraft:air":0,"minecraft:blue_dye":3,"minecraft:bow":1,"minecraft:charcoal":15,"minecraft:yellow_dye":14,"minecraft:stick":24,"minecraft:leather_chestplate":2,"minecraft:stone_pickaxe":2,"minecraft:chest":1,"minecraft:light_gray_dye":1,"minecraft:white_bed":2,"minecraft:torch":16,"minecraft:magenta_dye":2,"minecraft:oak_fence":3,"minecraft:wheat":81},"minecraft:killed_by":{"minecraft:skeleton":1,"minecraft:pillager":5},"minecraft:custom":{"minecraft:interact_with_furnace":30,"minecraft:mob_kills":83,"minecraft:interact_with_crafting_table":28,"minecraft:climb_one_cm":28,"minecraft:leave_game":6,"minecraft:time_since_death":4033,"minecraft:sleep_in_bed":6,"minecraft:time_since_rest":2894,"minecraft:sprint_one_cm":360798,"minecraft:damage_taken":3963,"minecraft:walk_one_cm":160291,"minecraft:drop":11,"minecraft:damage_dealt":13637,"minecraft:swim_one_cm":46616,"minecraft:fly_one_cm":282478,"minecraft:open_chest":16,"minecraft:crouch_one_cm":21991,"minecraft:play_time":123007,"minecraft:deaths":7,"minecraft:sneak_time":9144,"minecraft:walk_under_water_one_cm":12908,"minecraft:jump":1544,"minecraft:walk_on_water_one_cm":7834,"minecraft:total_world_time":123007,"minecraft:fall_one_cm":52203}},"DataVersion":3465}