{"stats":{"minecraft:dropped":{"minecraft:birch_planks":2,"minecraft:wheat_seeds":1,"minecraft:orange_dye":1,"minecraft:oak_log":31,"minecraft:crossbow":1,"minecraft:cobblestone":1,"minecraft:oak_fence":2,"minecraft:apple":1,"minecraft:granite":21,"minecraft:grass_block":3,"minecraft:coal":4,"minecraft:blue_dye":1,"minecraft:cooked_salmon":9,"minecraft:white_banner":3,"minecraft:string":5,"minecraft:dark_oak_planks":1,"minecraft:paper":1,"minecraft:bone":1,"minecraft:stone_axe":1,"minecraft:goat_horn":1,"minecraft:sugar_cane":42,"minecraft:raw_iron":100,"minecraft:oak_planks":4,"minecraft:leather_chestplate":1,"minecraft:peony":4,"minecraft:oak_sapling":2,"minecraft:light_gray_dye":2,"minecraft:wooden_pickaxe":2,"minecraft:egg":1},"minecraft:broken":{"minecraft:stone_pickaxe":4,"minecraft:stone_axe":2},"minecraft:killed":{"minecraft:spider":5,"minecraft:skeleton":8,"minecraft:chicken":2,"minecraft:salmon":24,"minecraft:creeper":1,"minecraft:sheep":8,"minecraft:pillager":51,"minecraft:zombie":17,"minecraft:enderman":3,"minecraft:cow":9},"minecraft:used":{"mcwfurnitures:oak_chair":2,"minecraft:stone_shovel":38,"minecraft:chest":2,"minecraft:shield":22,"minecraft:cooked_salmon":12,"minecraft:rotten_flesh":5,"minecraft:oak_door":1,"minecraft:torch":112,"minecraft:dirt":164,"minecraft:yellow_carpet":13,"minecraft:tuff":7,"minecraft:granite":25,"minecraft:iron_axe":105,"minecraft:bow":2,"minecraft:beef":2,"minecraft:oak_sapling":4,"minecraft:goat_horn":4,"minecraft:furnace":10,"mcwdoors:oak_japanese_door":2,"minecraft:cooked_beef":12,"minecraft:potato":11,"minecraft:cobbled_deepslate":3,"minecraft:cooked_mutton":10,"minecraft:cobblestone_stairs":51,"minecraft:water_bucket":3,"minecraft:stone_pickaxe":672,"minecraft:oak_planks":336,"mcwpaths:oak_planks_path":55,"minecraft:wooden_pickaxe":14,"minecraft:blue_bed":1,"minecraft:crafting_table":5,"minecraft:red_bed":1,"minecraft:crossbow":22,"minecraft:bread":29,"minecraft:stone_axe":439,"minecraft:pink_bed":1,"minecraft:cobblestone":227,"minecraft:andesite":1,"minecraft:bucket":5,"minecraft:bone_meal":19,"minecraft:experience_bottle":1},"minecraft:killed_by":{"minecraft:creeper":3,"minecraft:pillager":8,"minecraft:skeleton":2},"minecraft:custom":{"minecraft:mob_kills":135,"minecraft:interact_with_crafting_table":58,"minecraft:leave_game":24,"minecraft:time_since_death":663,"minecraft:climb_one_cm":1345,"minecraft:sprint_one_cm":705851,"minecraft:walk_one_cm":336495,"minecraft:damage_blocked_by_shield":720,"minecraft:drop":43,"minecraft:play_time":307643,"minecraft:sneak_time":33782,"minecraft:deaths":16,"minecraft:walk_under_water_one_cm":41498,"minecraft:jump":3798,"minecraft:walk_on_water_one_cm":46947,"minecraft:total_world_time":307643,"minecraft:interact_with_furnace":69,"minecraft:sleep_in_bed":14,"minecraft:time_since_rest":697,"minecraft:damage_taken":7686,"minecraft:damage_dealt":21323,"minecraft:swim_one_cm":96099,"minecraft:fly_one_cm":495716,"minecraft:open_chest":51,"minecraft:crouch_one_cm":73412,"minecraft:fall_one_cm":113369},"minecraft:mined":{"minecraft:tuff":12,"minecraft:oak_door":1,"minecraft:cobblestone_stairs":3,"minecraft:granite":27,"minecraft:grass_block":61,"minecraft:hay_block":9,"minecraft:furnace":5,"minecraft:iron_ore":59,"minecraft:andesite":4,"minecraft:peony":4,"minecraft:azure_bluet":1,"minecraft:dark_oak_stairs":1,"minecraft:red_tulip":1,"minecraft:deepslate_iron_ore":7,"minecraft:pink_tulip":1,"minecraft:stone":508,"minecraft:white_wool":6,"mcwpaths:oak_planks_path":4,"minecraft:red_bed":1,"minecraft:dandelion":14,"minecraft:torch":1,"minecraft:crafting_table":3,"minecraft:cornflower":3,"minecraft:poppy":1,"minecraft:chest":2,"minecraft:copper_ore":8,"minecraft:tall_grass":5,"minecraft:cobblestone":8,"minecraft:oak_planks":12,"minecraft:sugar_cane":20,"minecraft:wall_torch":4,"minecraft:birch_planks":2,"minecraft:birch_log":2,"minecraft:lilac":1,"minecraft:orange_tulip":1,"minecraft:grass":23,"minecraft:oak_log":150,"minecraft:coal_ore":27,"minecraft:gravel":27,"minecraft:dirt":101,"minecraft:oak_leaves":47,"minecraft:deepslate":8},"minecraft:picked_up":{"minecraft:charcoal":9,"minecraft:crafting_table":3,"minecraft:wheat":6,"minecraft:azure_bluet":1,"minecraft:chicken":2,"minecraft:wooden_pickaxe":8,"minecraft:shield":4,"minecraft:cornflower":3,"mcwpaths:oak_planks_path":7,"minecraft:string":17,"minecraft:red_bed":1,"minecraft:raw_copper":84,"minecraft:iron_axe":4,"minecraft:cooked_salmon":16,"minecraft:experience_bottle":3,"minecraft:cobbled_deepslate":19,"minecraft:beef":32,"minecraft:red_dye":10,"minecraft:poppy":1,"minecraft:sugar_cane":332,"minecraft:chest":8,"minecraft:furnace":5,"minecraft:egg":3,"minecraft:stick":28,"minecraft:raw_iron":252,"minecraft:orange_dye":10,"minecraft:oak_door":4,"minecraft:oak_fence":26,"minecraft:torch":229,"minecraft:goat_horn":11,"minecraft:dark_oak_planks":3,"minecraft:arrow":34,"minecraft:stone_shovel":5,"minecraft:rotten_flesh":50,"minecraft:peony":4,"minecraft:hay_block":9,"minecraft:red_tulip":1,"minecraft:blue_dye":15,"minecraft:pink_tulip":1,"minecraft:mutton":70,"minecraft:white_wool":14,"minecraft:cobblestone":1060,"minecraft:birch_log":2,"minecraft:salmon":46,"minecraft:leather_chestplate":6,"minecraft:cooked_beef":13,"minecraft:feather":9,"minecraft:lilac":1,"minecraft:tripwire_hook":6,"minecraft:water_bucket":3,"minecraft:andesite":10,"minecraft:leather":70,"minecraft:yellow_dye":15,"minecraft:potato":30,"minecraft:birch_planks":12,"minecraft:magenta_dye":4,"minecraft:flint":15,"minecraft:tuff":23,"minecraft:light_gray_dye":11,"minecraft:oak_log":180,"minecraft:cobblestone_stairs":243,"minecraft:dirt":388,"minecraft:white_banner":26,"minecraft:bone":11,"minecraft:apple":1,"minecraft:bow":8,"minecraft:wheat_seeds":6,"minecraft:orange_tulip":1,"minecraft:iron_ingot":2,"minecraft:stone_pickaxe":20,"minecraft:oak_planks":246,"minecraft:dark_oak_stairs":11,"minecraft:dandelion":14,"minecraft:gravel":24,"minecraft:grass_block":6,"minecraft:dark_oak_log":12,"minecraft:spider_eye":5,"minecraft:stone_axe":22,"minecraft:crossbow":10,"minecraft:granite":68,"minecraft:bone_meal":5,"minecraft:bread":114,"minecraft:oak_sapling":24,"minecraft:coal":42,"minecraft:pink_dye":5,"minecraft:ender_pearl":3},"minecraft:crafted":{"minecraft:oak_door":3,"minecraft:oak_planks":484,"minecraft:stone_shovel":1,"minecraft:pink_bed":1,"mcwdoors:oak_japanese_door":6,"minecraft:furnace":5,"minecraft:cobblestone_stairs":96,"minecraft:bone_meal":18,"minecraft:pink_dye":1,"minecraft:white_carpet":12,"minecraft:cooked_mutton":10,"minecraft:bow":1,"minecraft:iron_axe":1,"minecraft:stone_pickaxe":9,"minecraft:chest":1,"mcwpaths:oak_planks_path":48,"minecraft:dark_oak_planks":8,"minecraft:magenta_dye":2,"minecraft:oak_fence":6,"minecraft:wheat":81,"minecraft:cooked_beef":17,"minecraft:red_dye":2,"minecraft:oak_slab":18,"minecraft:crossbow":1,"minecraft:arrow":12,"minecraft:crafting_table":2,"minecraft:wooden_pickaxe":1,"minecraft:yellow_carpet":12,"minecraft:red_bed":1,"minecraft:blue_bed":1,"minecraft:cooked_salmon":22,"minecraft:bucket":2,"minecraft:birch_planks":8,"minecraft:stone_axe":11,"minecraft:orange_dye":1,"minecraft:bread":29,"minecraft:air":0,"minecraft:blue_dye":3,"minecraft:paper":9,"minecraft:charcoal":24,"minecraft:yellow_dye":14,"minecraft:shield":1,"minecraft:stick":96,"minecraft:iron_ingot":10,"minecraft:leather_chestplate":2,"minecraft:light_gray_dye":1,"minecraft:white_bed":2,"minecraft:torch":152,"mcwfurnitures:oak_chair":2}},"DataVersion":3465}