{"stats":{"minecraft:dropped":{"minecraft:birch_planks":2,"minecraft:wheat_seeds":1,"minecraft:oak_log":31,"minecraft:crossbow":1,"minecraft:apple":1,"minecraft:granite":16,"minecraft:cooked_salmon":7,"minecraft:bone":1,"minecraft:stone_axe":1,"minecraft:oak_planks":4,"minecraft:light_gray_dye":1,"minecraft:wooden_pickaxe":2},"minecraft:broken":{"minecraft:stone_pickaxe":2,"minecraft:stone_axe":2},"minecraft:killed":{"minecraft:spider":1,"minecraft:skeleton":4,"minecraft:salmon":17,"minecraft:sheep":8,"minecraft:pillager":42,"minecraft:zombie":7,"minecraft:enderman":1,"minecraft:cow":9},"minecraft:used":{"minecraft:stone_shovel":35,"minecraft:chest":2,"minecraft:cooked_salmon":9,"minecraft:oak_door":1,"minecraft:torch":68,"minecraft:dirt":26,"minecraft:yellow_carpet":12,"minecraft:granite":25,"minecraft:bow":2,"minecraft:oak_sapling":4,"minecraft:goat_horn":1,"minecraft:furnace":8,"minecraft:cooked_beef":12,"minecraft:potato":1,"minecraft:cobblestone_stairs":51,"minecraft:stone_pickaxe":526,"minecraft:oak_planks":334,"minecraft:wooden_pickaxe":14,"minecraft:blue_bed":1,"minecraft:crafting_table":4,"minecraft:red_bed":1,"minecraft:crossbow":3,"minecraft:bread":29,"minecraft:stone_axe":426,"minecraft:pink_bed":1,"minecraft:cobblestone":177,"minecraft:bone_meal":7,"minecraft:experience_bottle":1},"minecraft:picked_up":{"minecraft:charcoal":9,"minecraft:crafting_table":3,"minecraft:wheat":6,"minecraft:azure_bluet":1,"minecraft:wooden_pickaxe":8,"minecraft:cornflower":3,"minecraft:red_bed":1,"minecraft:raw_copper":28,"minecraft:cooked_salmon":16,"minecraft:experience_bottle":3,"minecraft:beef":30,"minecraft:red_dye":6,"minecraft:poppy":1,"minecraft:sugar_cane":332,"minecraft:chest":8,"minecraft:furnace":4,"minecraft:egg":2,"minecraft:stick":4,"minecraft:raw_iron":24,"minecraft:orange_dye":6,"minecraft:oak_door":4,"minecraft:oak_fence":15,"minecraft:torch":85,"minecraft:goat_horn":6,"minecraft:arrow":12,"minecraft:stone_shovel":1,"minecraft:rotten_flesh":22,"minecraft:hay_block":9,"minecraft:blue_dye":10,"minecraft:red_tulip":1,"minecraft:pink_tulip":1,"minecraft:mutton":70,"minecraft:cobblestone":931,"minecraft:white_wool":14,"minecraft:birch_log":2,"minecraft:leather_chestplate":2,"minecraft:cooked_beef":13,"minecraft:lilac":1,"minecraft:tripwire_hook":6,"minecraft:salmon":22,"minecraft:leather":70,"minecraft:yellow_dye":13,"minecraft:potato":30,"minecraft:birch_planks":12,"minecraft:magenta_dye":4,"minecraft:flint":6,"minecraft:light_gray_dye":6,"minecraft:oak_log":147,"minecraft:cobblestone_stairs":51,"minecraft:white_banner":14,"minecraft:dirt":222,"minecraft:bone":8,"minecraft:apple":1,"minecraft:bow":8,"minecraft:wheat_seeds":4,"minecraft:orange_tulip":1,"minecraft:stone_pickaxe":11,"minecraft:oak_planks":198,"minecraft:dark_oak_stairs":7,"minecraft:dandelion":14,"minecraft:gravel":24,"minecraft:grass_block":2,"minecraft:dark_oak_log":12,"minecraft:stone_axe":14,"minecraft:granite":45,"minecraft:crossbow":6,"minecraft:bone_meal":5,"minecraft:bread":114,"minecraft:oak_sapling":21,"minecraft:coal":13,"minecraft:pink_dye":5,"minecraft:ender_pearl":1},"minecraft:mined":{"minecraft:cobblestone_stairs":3,"minecraft:granite":27,"minecraft:grass_block":46,"minecraft:hay_block":9,"minecraft:furnace":4,"minecraft:iron_ore":24,"minecraft:azure_bluet":1,"minecraft:dark_oak_stairs":1,"minecraft:red_tulip":1,"minecraft:pink_tulip":1,"minecraft:stone":455,"minecraft:white_wool":6,"minecraft:red_bed":1,"minecraft:dandelion":14,"minecraft:crafting_table":3,"minecraft:cornflower":3,"minecraft:torch":1,"minecraft:poppy":1,"minecraft:chest":2,"minecraft:tall_grass":5,"minecraft:copper_ore":8,"minecraft:cobblestone":3,"minecraft:sugar_cane":20,"minecraft:oak_planks":10,"minecraft:wall_torch":1,"minecraft:birch_planks":2,"minecraft:birch_log":2,"minecraft:lilac":1,"minecraft:orange_tulip":1,"minecraft:grass":15,"minecraft:oak_log":117,"minecraft:coal_ore":9,"minecraft:gravel":27,"minecraft:dirt":75,"minecraft:oak_leaves":34},"minecraft:crafted":{"minecraft:oak_door":3,"minecraft:oak_planks":404,"minecraft:stone_shovel":1,"minecraft:pink_bed":1,"minecraft:furnace":4,"minecraft:cobblestone_stairs":96,"minecraft:bone_meal":6,"minecraft:pink_dye":1,"minecraft:white_carpet":12,"minecraft:bow":1,"minecraft:stone_pickaxe":7,"minecraft:chest":1,"minecraft:magenta_dye":2,"minecraft:oak_fence":3,"minecraft:wheat":81,"minecraft:cooked_beef":17,"minecraft:red_dye":2,"minecraft:crossbow":1,"minecraft:crafting_table":1,"minecraft:wooden_pickaxe":1,"minecraft:yellow_carpet":12,"minecraft:red_bed":1,"minecraft:blue_bed":1,"minecraft:cooked_salmon":16,"minecraft:birch_planks":8,"minecraft:stone_axe":8,"minecraft:orange_dye":1,"minecraft:bread":29,"minecraft:air":0,"minecraft:blue_dye":3,"minecraft:charcoal":15,"minecraft:yellow_dye":14,"minecraft:stick":48,"minecraft:leather_chestplate":2,"minecraft:light_gray_dye":1,"minecraft:white_bed":2,"minecraft:torch":72},"minecraft:killed_by":{"minecraft:creeper":1,"minecraft:pillager":5,"minecraft:skeleton":1},"minecraft:custom":{"minecraft:mob_kills":92,"minecraft:interact_with_crafting_table":33,"minecraft:leave_game":13,"minecraft:time_since_death":4704,"minecraft:climb_one_cm":28,"minecraft:sprint_one_cm":453249,"minecraft:walk_one_cm":202160,"minecraft:drop":17,"minecraft:play_time":176072,"minecraft:deaths":8,"minecraft:sneak_time":17535,"minecraft:walk_under_water_one_cm":14340,"minecraft:jump":2216,"minecraft:walk_on_water_one_cm":9444,"minecraft:total_world_time":176072,"minecraft:interact_with_furnace":31,"minecraft:sleep_in_bed":9,"minecraft:time_since_rest":4743,"minecraft:damage_taken":4963,"minecraft:damage_dealt":15450,"minecraft:swim_one_cm":47985,"minecraft:fly_one_cm":346325,"minecraft:open_chest":22,"minecraft:crouch_one_cm":35943,"minecraft:fall_one_cm":77354}},"DataVersion":3465}