{"stats":{"minecraft:dropped":{"minecraft:arrow":2,"minecraft:bow":1},"minecraft:killed":{"minecraft:skeleton":1,"minecraft:pillager":2},"minecraft:used":{"minecraft:oak_log":1,"mcwfurnitures:oak_covered_desk":2,"minecraft:crossbow":2,"minecraft:cooked_beef":5},"minecraft:killed_by":{"minecraft:skeleton":1,"minecraft:pillager":6},"minecraft:mined":{"minecraft:grass":8,"minecraft:oak_log":11},"minecraft:custom":{"minecraft:time_since_rest":246,"minecraft:interact_with_furnace":1,"minecraft:sprint_one_cm":15619,"minecraft:damage_taken":2370,"minecraft:walk_one_cm":138121,"minecraft:mob_kills":6,"minecraft:drop":3,"minecraft:damage_dealt":620,"minecraft:interact_with_crafting_table":6,"minecraft:fly_one_cm":10796,"minecraft:open_chest":5,"minecraft:crouch_one_cm":372,"minecraft:play_time":96860,"minecraft:deaths":7,"minecraft:sneak_time":53,"minecraft:jump":229,"minecraft:leave_game":19,"minecraft:time_since_death":0,"minecraft:sleep_in_bed":2,"minecraft:climb_one_cm":602,"minecraft:total_world_time":96860,"minecraft:fall_one_cm":6134},"minecraft:picked_up":{"minecraft:birch_log":1,"minecraft:stick":1,"minecraft:oak_log":11,"minecraft:dirt":17,"minecraft:white_banner":1,"minecraft:cooked_salmon":7,"minecraft:arrow":3,"minecraft:bone":6,"minecraft:apple":1,"minecraft:bow":2,"minecraft:wheat_seeds":1,"minecraft:crossbow":1,"minecraft:birch_sapling":1,"minecraft:oak_planks":4},"minecraft:crafted":{"minecraft:oak_slab":6,"minecraft:oak_planks":20,"mcwfurnitures:oak_covered_desk":2,"minecraft:stick":12,"minecraft:oak_fence":3}},"DataVersion":3465}