{"stats":{"minecraft:killed_by":{"minecraft:skeleton":1,"mowziesmobs:umvuthi":1},"minecraft:custom":{"minecraft:jump":141,"minecraft:time_since_rest":882,"minecraft:damage_taken":775,"minecraft:leave_game":3,"minecraft:play_time":15540,"minecraft:time_since_death":0,"minecraft:walk_one_cm":34312,"minecraft:walk_on_water_one_cm":4922,"minecraft:deaths":3,"minecraft:total_world_time":15540,"minecraft:walk_under_water_one_cm":1702,"minecraft:fall_one_cm":5823,"minecraft:fly_one_cm":1127}},"DataVersion":3465}