{"stats":{"minecraft:picked_up":{"minecraft:wheat_seeds":2},"minecraft:mined":{"minecraft:tall_grass":3,"minecraft:grass":12},"minecraft:killed_by":{"minecraft:skeleton":1,"mowziesmobs:umvuthi":1},"minecraft:custom":{"minecraft:jump":160,"minecraft:time_since_rest":5983,"minecraft:damage_dealt":72,"minecraft:damage_taken":775,"minecraft:leave_game":5,"minecraft:play_time":20641,"minecraft:time_since_death":2411,"minecraft:walk_one_cm":45323,"minecraft:walk_on_water_one_cm":4922,"minecraft:deaths":3,"minecraft:total_world_time":20641,"minecraft:walk_under_water_one_cm":1702,"minecraft:fall_one_cm":6032,"minecraft:fly_one_cm":1209}},"DataVersion":3465}