{"stats":{"minecraft:dropped":{"minecraft:arrow":2,"minecraft:bow":1},"minecraft:killed":{"minecraft:skeleton":1,"minecraft:pillager":3},"minecraft:used":{"minecraft:oak_log":1,"minecraft:chest":1,"mcwfurnitures:oak_covered_desk":2,"minecraft:white_banner":4,"minecraft:crossbow":2,"minecraft:cooked_beef":5},"minecraft:killed_by":{"minecraft:skeleton":1,"minecraft:pillager":6},"minecraft:mined":{"minecraft:white_wall_banner":1,"minecraft:grass":8,"minecraft:yellow_carpet":1,"minecraft:oak_log":11},"minecraft:custom":{"minecraft:time_since_rest":3245,"minecraft:interact_with_furnace":8,"minecraft:sprint_one_cm":27466,"minecraft:damage_taken":2521,"minecraft:walk_one_cm":162116,"minecraft:mob_kills":7,"minecraft:drop":3,"minecraft:damage_dealt":693,"minecraft:interact_with_crafting_table":11,"minecraft:fly_one_cm":13603,"minecraft:open_chest":12,"minecraft:crouch_one_cm":372,"minecraft:play_time":115777,"minecraft:deaths":7,"minecraft:sneak_time":80,"minecraft:jump":270,"minecraft:leave_game":21,"minecraft:time_since_death":16590,"minecraft:sleep_in_bed":3,"minecraft:climb_one_cm":602,"minecraft:total_world_time":115777,"minecraft:fall_one_cm":7365},"minecraft:picked_up":{"minecraft:birch_log":1,"minecraft:leather_chestplate":1,"minecraft:raw_iron":50,"minecraft:stick":1,"minecraft:orange_dye":1,"minecraft:oak_door":1,"minecraft:oak_fence":2,"minecraft:light_gray_dye":1,"minecraft:oak_log":11,"minecraft:string":3,"minecraft:goat_horn":1,"minecraft:dirt":17,"minecraft:paper":1,"minecraft:dark_oak_planks":1,"minecraft:white_banner":5,"minecraft:cooked_salmon":9,"minecraft:rotten_flesh":1,"minecraft:arrow":4,"minecraft:bone":6,"minecraft:yellow_carpet":1,"minecraft:apple":1,"minecraft:bow":3,"minecraft:wheat_seeds":1,"minecraft:blue_dye":1,"minecraft:crossbow":2,"minecraft:granite":5,"minecraft:oak_sapling":1,"minecraft:sugar_cane":42,"minecraft:birch_sapling":1,"minecraft:oak_planks":6,"minecraft:coal":4},"minecraft:crafted":{"minecraft:oak_slab":6,"minecraft:oak_planks":20,"minecraft:paper":42,"mcwfurnitures:oak_covered_desk":2,"minecraft:stick":12,"minecraft:iron_ingot":15,"minecraft:oak_fence":3}},"DataVersion":3465}