{"stats":{"minecraft:dropped":{"minecraft:arrow":2,"minecraft:bow":1},"minecraft:killed":{"minecraft:skeleton":1,"minecraft:pillager":3},"minecraft:used":{"minecraft:oak_log":1,"minecraft:chest":1,"mcwfurnitures:oak_covered_desk":2,"minecraft:white_banner":4,"minecraft:crossbow":2,"minecraft:cooked_beef":5},"minecraft:killed_by":{"minecraft:skeleton":1,"minecraft:pillager":7},"minecraft:mined":{"minecraft:white_wall_banner":1,"minecraft:grass":8,"minecraft:oak_log":11,"minecraft:yellow_carpet":1,"minecraft:sand":16},"minecraft:picked_up":{"minecraft:birch_log":1,"minecraft:stick":1,"minecraft:raw_iron":50,"minecraft:orange_dye":1,"minecraft:leather_chestplate":1,"minecraft:oak_door":1,"minecraft:oak_fence":2,"minecraft:sand":16,"minecraft:light_gray_dye":1,"minecraft:oak_log":11,"minecraft:dirt":17,"minecraft:goat_horn":1,"minecraft:string":3,"minecraft:paper":1,"minecraft:dark_oak_planks":1,"minecraft:white_banner":5,"minecraft:cooked_salmon":9,"minecraft:arrow":4,"minecraft:bone":6,"minecraft:rotten_flesh":1,"minecraft:yellow_carpet":1,"minecraft:apple":1,"minecraft:bow":3,"minecraft:wheat_seeds":1,"minecraft:granite":5,"minecraft:crossbow":2,"minecraft:blue_dye":1,"minecraft:oak_sapling":1,"minecraft:sugar_cane":42,"minecraft:birch_sapling":1,"minecraft:oak_planks":6,"minecraft:coal":4},"minecraft:custom":{"minecraft:time_since_rest":7176,"minecraft:interact_with_furnace":11,"minecraft:sprint_one_cm":46217,"minecraft:damage_taken":2648,"minecraft:walk_one_cm":173489,"minecraft:mob_kills":7,"minecraft:drop":3,"minecraft:damage_dealt":693,"minecraft:interact_with_crafting_table":12,"minecraft:fly_one_cm":25499,"minecraft:open_chest":15,"minecraft:crouch_one_cm":372,"minecraft:play_time":129685,"minecraft:sneak_time":80,"minecraft:deaths":8,"minecraft:walk_under_water_one_cm":164,"minecraft:jump":362,"minecraft:leave_game":23,"minecraft:time_since_death":5014,"minecraft:walk_on_water_one_cm":1344,"minecraft:sleep_in_bed":3,"minecraft:total_world_time":129685,"minecraft:climb_one_cm":602,"minecraft:fall_one_cm":9916},"minecraft:crafted":{"minecraft:oak_slab":6,"minecraft:oak_planks":20,"minecraft:iron_boots":1,"minecraft:iron_chestplate":1,"minecraft:paper":42,"mcwfurnitures:oak_covered_desk":2,"minecraft:stick":12,"minecraft:iron_helmet":1,"minecraft:iron_ingot":32,"minecraft:iron_leggings":1,"minecraft:oak_fence":3,"minecraft:air":0}},"DataVersion":3465}