{"stats":{"minecraft:killed":{"minecraft:skeleton":1},"minecraft:used":{"minecraft:cooked_beef":1},"minecraft:picked_up":{"minecraft:stick":1,"minecraft:arrow":2,"minecraft:bone":4,"minecraft:apple":1,"minecraft:bow":1,"minecraft:oak_log":10,"minecraft:dirt":1},"minecraft:mined":{"minecraft:oak_log":10},"minecraft:crafted":{"minecraft:oak_slab":6,"minecraft:oak_planks":20,"mcwfurnitures:oak_covered_desk":2},"minecraft:killed_by":{"minecraft:skeleton":1,"minecraft:pillager":1},"minecraft:custom":{"minecraft:time_since_rest":20780,"minecraft:open_chest":5,"minecraft:damage_taken":665,"minecraft:crouch_one_cm":2,"minecraft:interact_with_furnace":1,"minecraft:play_time":58188,"minecraft:deaths":2,"minecraft:walk_one_cm":47682,"minecraft:sneak_time":13,"minecraft:mob_kills":2,"minecraft:jump":90,"minecraft:damage_dealt":130,"minecraft:leave_game":10,"minecraft:time_since_death":20599,"minecraft:total_world_time":58188,"minecraft:interact_with_crafting_table":3,"minecraft:fall_one_cm":1465,"minecraft:fly_one_cm":2261}},"DataVersion":3465}