{"stats":{"minecraft:dropped":{"minecraft:arrow":2,"minecraft:bow":1},"minecraft:killed":{"minecraft:skeleton":1,"minecraft:pillager":3},"minecraft:used":{"minecraft:oak_log":1,"minecraft:chest":1,"mcwfurnitures:oak_covered_desk":2,"minecraft:crossbow":2,"minecraft:cooked_beef":5},"minecraft:killed_by":{"minecraft:skeleton":1,"minecraft:pillager":6},"minecraft:mined":{"minecraft:grass":8,"minecraft:yellow_carpet":1,"minecraft:oak_log":11},"minecraft:custom":{"minecraft:time_since_rest":5491,"minecraft:interact_with_furnace":1,"minecraft:sprint_one_cm":15619,"minecraft:damage_taken":2460,"minecraft:walk_one_cm":150563,"minecraft:mob_kills":7,"minecraft:drop":3,"minecraft:damage_dealt":683,"minecraft:interact_with_crafting_table":7,"minecraft:fly_one_cm":10942,"minecraft:open_chest":10,"minecraft:crouch_one_cm":372,"minecraft:play_time":102105,"minecraft:deaths":7,"minecraft:sneak_time":53,"minecraft:jump":244,"minecraft:leave_game":20,"minecraft:time_since_death":2918,"minecraft:sleep_in_bed":2,"minecraft:climb_one_cm":602,"minecraft:total_world_time":102105,"minecraft:fall_one_cm":6134},"minecraft:picked_up":{"minecraft:birch_log":1,"minecraft:stick":1,"minecraft:oak_door":1,"minecraft:oak_log":11,"minecraft:dirt":17,"minecraft:white_banner":1,"minecraft:cooked_salmon":7,"minecraft:arrow":3,"minecraft:bone":6,"minecraft:yellow_carpet":1,"minecraft:apple":1,"minecraft:bow":2,"minecraft:wheat_seeds":1,"minecraft:crossbow":2,"minecraft:birch_sapling":1,"minecraft:oak_planks":6},"minecraft:crafted":{"minecraft:oak_slab":6,"minecraft:oak_planks":20,"mcwfurnitures:oak_covered_desk":2,"minecraft:stick":12,"minecraft:oak_fence":3}},"DataVersion":3465}